week,distance,altitude,home,type,precip,wind,change,elap30,PAT,field,good,temp72
4,18,585,1,0,0,0,0,24.3167,0,0,1,72
11,18,585,1,0,0,0,1,13.2,0,0,1,72
11,18,10,0,1,0,0,1,1.5667,0,1,0,74
1,19,20,0,1,0,0,0,24.6333,0,1,1,79
3,19,5,0,0,0,0,1,25.6,0,0,1,72
6,19,20,0,1,0,0,0,18.25,0,1,1,82
6,19,815,0,0,0,0,1,20.2167,0,0,1,72
9,19,1090,1,1,0,0,0,19.5167,1,1,1,82
9,19,40,1,0,0,0,1,20.45,0,0,1,72
13,19,590,0,1,0,0,1,3.4833,0,1,1,34
16,19,660,1,1,0,0,0,22.05,0,1,1,32
1,20,138,0,1,0,0,0,0.45,1,1,1,73
1,20,710,1,0,0,0,0,21.8667,1,0,1,72
1,20,710,0,0,0,0,0,12.6833,1,0,1,72
1,20,10,1,1,0,0,0,29.1833,1,1,1,94
1,20,10,1,1,0,0,0,12.5167,1,1,1,94
1,20,10,0,1,0,0,0,10.85,1,1,1,94
1,20,10,0,1,0,0,1,1.8,1,1,1,94
1,20,10,1,1,0,0,0,0.0667,1,1,1,94
1,20,10,1,1,0,0,0,21.0833,1,1,1,94
1,20,10,1,1,0,0,0,19.0333,1,1,1,94
1,20,10,1,1,0,0,0,15.75,1,1,1,94
1,20,10,1,1,0,0,0,1.9333,1,1,1,94
1,20,5,0,0,0,0,0,11.45,1,0,1,72
1,20,100,0,1,0,0,0,22.15,1,0,1,80
1,20,100,0,1,0,0,0,12.1167,1,0,1,80
1,20,100,0,1,0,0,0,4.0167,1,0,1,80
1,20,25,1,1,0,0,0,19.9333,1,1,1,82
1,20,25,0,1,0,0,0,14.1833,1,1,1,82
1,20,25,1,1,0,0,0,16.5833,1,1,1,82
1,20,25,1,1,0,0,0,5.3833,1,1,1,82
1,20,5280,0,1,0,0,0,23.7167,1,1,1,91
1,20,5280,1,1,0,0,1,8.4167,0,1,1,91
1,20,5280,1,1,0,0,0,3.3667,1,1,1,91
1,20,1050,0,0,0,0,0,24.0333,1,0,1,72
1,20,1050,1,0,0,0,0,7.1833,1,0,1,72
1,20,1050,1,0,0,0,0,24.9833,1,0,1,72
1,20,1050,0,0,0,0,1,0.4333,1,0,1,72
1,20,590,0,1,0,0,0,19.0167,1,1,1,72
1,20,590,1,1,0,0,1,23.2167,1,1,1,72
1,20,590,0,1,0,0,0,18.0333,1,1,1,72
1,20,10,0,0,0,0,0,19,1,0,1,72
1,20,10,0,0,0,0,0,6.6667,1,0,1,72
1,20,10,0,0,0,0,0,21.3,1,0,1,72
1,20,10,1,0,0,0,0,2.8667,1,0,1,72
1,20,595,0,1,0,0,0,19.0667,1,1,1,79
1,20,595,1,1,0,0,1,18.7167,1,1,1,79
1,20,595,0,1,0,0,0,6.5167,1,1,1,79
1,20,595,1,1,0,0,1,1.2,1,1,1,79
1,20,20,0,1,0,0,0,21.7167,1,1,1,79
1,20,146,0,1,0,0,0,26.9333,1,0,1,74
1,20,146,0,1,0,0,0,11.9667,1,0,1,74
1,20,146,0,1,0,0,0,26.05,1,0,1,74
1,20,146,0,1,0,0,0,12.55,1,0,1,74
2,20,750,0,1,0,0,0,10.9333,1,1,1,73
2,20,750,1,1,0,0,1,1.3667,1,1,1,73
2,20,660,1,1,0,1,0,0.2667,1,1,1,60
2,20,660,1,1,0,1,0,7.0833,0,1,1,60
2,20,1090,0,1,0,0,0,6.8167,1,1,1,99
2,20,1090,0,1,0,0,0,27.3167,1,1,1,99
2,20,1090,0,1,0,0,0,11.3167,1,1,1,99
2,20,1090,1,1,0,0,0,9.1667,1,1,1,99
2,20,1090,0,1,0,0,0,3.8833,1,1,1,99
2,20,585,1,1,0,0,0,26.8167,1,0,1,55
2,20,585,1,1,0,0,0,21.0833,1,0,1,55
2,20,585,1,1,0,0,0,18.7,1,0,1,55
2,20,585,1,1,0,0,0,17.05,1,0,1,55
2,20,40,0,0,0,0,0,28.8167,1,0,1,72
2,20,40,0,0,0,0,0,18.1,1,0,1,72
2,20,40,0,0,0,0,0,27.15,1,0,1,72
2,20,40,1,0,0,0,0,19.1167,1,0,1,72
2,20,40,0,0,0,0,0,5.0333,1,0,1,72
2,20,40,1,0,0,0,0,2.7,1,0,1,72
2,20,20,1,1,0,0,0,23.6167,1,1,1,76
2,20,20,0,1,0,0,1,10.5167,1,1,1,76
2,20,20,1,1,0,0,0,13.6833,1,1,1,76
2,20,146,0,1,0,0,0,0.45,0,0,1,71
2,20,146,1,1,0,0,0,28.2333,1,0,1,71
2,20,146,0,1,0,0,0,17.1833,1,0,1,71
2,20,146,0,1,0,0,0,8.7667,1,0,1,71
2,20,146,0,1,0,0,1,2.6333,1,0,1,71
2,20,138,0,1,0,1,0,17.6667,1,1,1,67
2,20,138,0,1,0,1,0,2.3667,1,1,1,67
2,20,435,1,1,0,0,0,13.1167,1,0,1,84
2,20,435,1,1,0,0,0,6.3833,1,0,1,84
2,20,435,0,1,0,0,0,0.9667,1,0,1,84
2,20,435,1,1,0,0,0,14.3,1,0,1,84
2,20,435,0,1,0,0,0,0.7833,1,0,1,84
2,20,550,0,1,0,0,0,23.7167,1,0,1,75
2,20,550,1,1,0,0,0,0.2667,1,0,1,75
2,20,550,1,1,0,0,0,23.2333,1,0,1,75
2,20,550,1,1,0,0,0,13.2667,1,0,1,75
2,20,550,0,1,0,0,0,7.3333,1,0,1,75
2,20,815,1,0,0,0,0,22.5,1,0,1,72
2,20,815,0,0,0,0,1,18.85,1,0,1,72
2,20,815,1,0,0,0,0,4.6667,1,0,1,72
2,20,595,0,1,0,0,0,23.6833,1,1,1,66
2,20,595,0,1,0,0,0,15.55,1,1,1,66
2,20,595,1,1,0,0,0,15.4667,1,1,1,66
2,20,595,1,1,0,0,0,11.95,1,1,1,66
3,20,585,1,0,0,0,0,10.15,1,0,1,72
3,20,585,1,0,0,0,0,21.7167,1,0,1,72
3,20,5,0,0,0,0,1,13.2833,1,0,1,72
3,20,5,1,0,0,0,1,18.6833,1,0,1,72
3,20,5,1,0,0,0,0,14.25,1,0,1,72
3,20,10,1,0,0,0,0,25.6167,1,0,1,72
3,20,10,0,0,0,0,1,20.7667,1,0,1,72
3,20,10,1,0,0,0,0,1.1667,1,0,1,72
3,20,10,0,0,0,0,0,12.6833,1,0,1,72
3,20,10,1,0,0,0,0,6.7333,1,0,1,72
3,20,10,0,0,0,0,0,3.3,1,0,1,72
3,20,40,1,0,0,0,1,12.2833,1,0,1,72
3,20,40,0,0,0,0,0,9.2833,1,0,1,72
3,20,585,0,1,1,0,0,22.25,1,0,1,62
3,20,585,1,1,1,0,1,15.3333,1,0,1,62
3,20,585,0,1,1,0,0,6.3,1,0,1,62
3,20,585,1,1,1,0,1,4.6,1,0,1,62
3,20,146,1,1,0,0,0,25.05,1,0,1,72
3,20,146,1,1,0,0,0,7.7,0,0,1,72
3,20,146,1,1,0,0,0,22.8667,1,0,1,72
3,20,146,1,1,0,0,0,17.9333,1,0,1,72
3,20,146,0,1,0,0,0,1.1,1,0,1,72
3,20,65,1,1,0,0,0,0.5833,1,1,1,67
3,20,65,1,1,0,0,0,25.4,1,1,1,67
3,20,65,1,1,0,0,0,14.9667,1,1,1,67
3,20,65,1,1,0,0,0,5.55,1,1,1,67
3,20,100,1,1,1,0,0,21.1667,1,0,1,65
3,20,100,1,1,1,0,0,14.9333,1,0,1,65
3,20,100,0,1,1,0,0,13.1667,1,0,1,65
3,20,100,0,1,1,0,0,28.3,1,0,1,65
3,20,770,0,1,0,0,0,12.9167,1,1,1,80
3,20,770,0,1,0,0,0,4.9833,1,1,1,80
3,20,770,0,1,0,0,0,20.6,1,1,1,80
3,20,770,0,1,0,0,0,5.6167,1,1,1,80
3,20,15,0,1,0,0,0,28.5833,1,1,1,90
3,20,5280,1,1,0,0,0,13.2333,0,1,1,80
3,20,5280,1,1,0,0,0,1.8333,1,1,1,80
3,20,5280,0,1,0,0,0,0.1833,1,1,1,80
3,20,5280,0,1,0,0,0,26.0167,1,1,1,80
3,20,5280,1,1,0,0,0,4.8833,1,1,1,80
3,20,5280,0,1,0,0,1,1.1167,1,1,1,80
3,20,815,0,0,0,0,0,21.4667,1,0,0,72
3,20,815,1,0,0,0,0,14.15,1,0,1,72
3,20,815,0,0,0,0,1,23,0,0,0,72
3,20,815,1,0,0,0,1,0.5,1,0,1,72
3,20,590,1,1,0,0,0,25.1667,1,1,1,56
3,20,590,1,1,0,0,0,9.1,1,1,1,56
3,20,10,1,1,0,0,0,14.15,1,1,1,91
3,20,10,1,1,0,0,0,0.7833,1,1,1,91
3,20,10,0,1,0,0,0,6.9167,1,1,1,91
4,20,15,1,1,0,0,1,25.5333,1,1,1,87
4,20,15,1,1,0,0,0,14.8833,1,1,1,87
4,20,146,1,1,0,0,0,25.1667,1,0,1,61
4,20,146,0,1,0,0,1,22.7,1,0,1,61
4,20,146,0,1,0,0,1,7.1833,0,0,1,61
4,20,146,1,1,0,0,0,2.15,1,0,1,61
4,20,146,1,1,0,0,0,27.1,1,0,1,61
4,20,146,1,1,0,0,0,16.4833,1,0,1,61
4,20,146,0,1,0,0,0,11.55,1,0,0,61
4,20,146,1,1,0,0,0,4.5833,1,0,1,61
4,20,745,0,1,0,0,0,29.6,1,0,1,64
4,20,745,0,1,0,0,0,27.3667,1,0,1,64
4,20,745,0,1,0,0,0,23.6333,1,0,1,64
4,20,745,0,1,0,0,0,7.6,1,0,1,64
4,20,660,1,1,0,0,0,15.4833,1,1,1,58
4,20,660,1,1,0,0,0,4.75,1,1,1,58
4,20,660,1,1,0,0,0,4.4333,1,1,1,58
4,20,660,0,1,0,0,0,0.2333,1,1,1,58
4,20,550,0,1,0,0,0,24.25,1,0,1,66
4,20,550,0,1,0,0,0,7.2333,1,0,1,66
4,20,550,0,1,0,0,0,1.2,1,0,1,66
4,20,550,1,1,0,0,0,28.55,1,0,1,66
4,20,550,0,1,0,0,0,23.4333,1,0,1,66
4,20,20,1,1,0,0,0,2.7,1,1,1,76
4,20,20,1,1,0,0,0,13.7667,1,1,1,76
4,20,455,1,1,0,0,0,29.0833,1,0,1,62
4,20,455,1,1,0,0,0,7.9333,1,0,1,62
4,20,455,0,1,0,0,0,4.4667,1,0,1,62
4,20,455,0,1,0,0,0,0.7833,1,0,1,62
4,20,455,1,1,0,0,0,15.9,1,0,1,62
4,20,435,1,1,0,0,0,23.7,1,0,1,72
4,20,435,1,1,0,0,0,9.3833,1,0,1,72
4,20,435,0,1,0,0,0,6.9667,1,0,1,72
4,20,435,1,1,0,0,0,2.6167,1,0,1,72
4,20,435,0,1,0,0,0,0.7667,1,0,1,72
4,20,20,0,1,0,0,0,0.9333,1,1,1,64
4,20,20,0,1,0,0,0,19.6333,1,1,1,64
4,20,20,1,1,0,0,0,14.05,1,1,1,64
4,20,20,0,1,0,0,0,5.8667,1,1,1,64
4,20,20,1,1,0,0,0,1.0333,1,1,1,64
4,20,585,1,0,0,0,0,13.7333,1,0,1,72
4,20,585,0,0,0,0,0,1.8167,1,0,1,72
4,20,585,0,0,0,0,1,19.85,1,0,1,72
4,20,585,0,0,0,0,1,5.8833,1,0,1,72
5,20,770,0,1,0,0,0,26.1,1,1,1,72
5,20,770,1,1,0,0,1,10.6167,1,1,1,72
5,20,770,1,1,0,0,1,23.3,1,1,0,72
5,20,770,0,1,0,0,0,14.95,1,1,1,72
5,20,745,1,1,0,0,0,23.95,1,0,1,79
5,20,745,1,1,0,0,0,21.1667,1,0,1,79
5,20,745,1,1,0,0,0,16.55,1,0,1,79
5,20,745,1,1,0,0,0,0.8,1,0,1,79
5,20,65,1,1,0,0,0,1.95,1,1,1,75
5,20,65,1,1,0,0,0,0.4333,1,1,1,75
5,20,1050,0,0,0,0,0,15.2333,1,0,1,72
5,20,1050,1,0,0,0,0,1.75,1,0,1,72
5,20,550,0,1,0,1,0,7.6,1,0,1,69
5,20,550,1,1,0,1,1,19,1,0,1,69
5,20,550,0,1,0,1,0,1.05,1,0,1,69
5,20,1090,0,1,0,0,0,14.7833,1,1,1,85
5,20,1090,0,1,0,0,0,7.0833,1,1,1,85
5,20,40,0,0,0,0,0,26.2333,1,0,1,72
5,20,40,1,0,0,0,0,23.3333,1,0,1,72
5,20,40,0,0,0,0,1,1.05,1,0,1,72
5,20,25,0,1,0,0,0,18.4167,1,1,1,69
5,20,25,1,1,0,0,1,14.9167,1,1,1,69
5,20,25,1,1,0,0,0,23.6333,1,1,1,69
5,20,25,0,1,0,0,0,13.5833,1,1,1,69
5,20,10,1,0,0,0,0,1.7,1,0,1,72
5,20,10,1,0,0,0,0,22.6333,1,0,1,72
5,20,10,1,0,0,0,0,10.8333,1,0,1,72
5,20,10,0,0,0,0,0,7.8,1,0,1,72
5,20,5,0,0,0,0,1,15.9667,0,0,1,72
5,20,5,1,0,0,0,1,22.3167,1,0,1,72
5,20,660,0,1,0,0,0,24.9333,1,1,1,70
5,20,660,1,1,0,0,1,21.8167,1,1,1,70
5,20,660,0,1,0,0,0,6.5,1,1,0,70
6,20,100,1,1,0,0,0,27.5167,1,0,1,68
6,20,100,0,1,0,0,0,21.4833,1,0,1,68
6,20,100,0,1,0,0,0,13.2667,1,0,1,68
6,20,100,1,1,0,0,1,3.1167,1,0,1,68
6,20,100,1,1,0,0,0,0.1,1,0,1,68
6,20,100,0,1,0,0,1,25.3667,1,0,1,68
6,20,100,1,1,0,0,0,19.6667,1,0,1,68
6,20,100,0,1,0,0,0,7.2167,1,0,1,68
6,20,138,0,1,0,0,0,20.2,1,1,1,66
6,20,138,0,1,0,0,0,18.35,1,1,1,66
6,20,138,0,1,0,0,0,22.6333,1,1,1,66
6,20,138,0,1,0,0,0,15.9167,1,1,1,66
6,20,585,1,0,0,0,0,25.7167,1,0,1,72
6,20,585,1,0,0,0,0,2.8833,1,0,1,72
6,20,585,1,0,0,0,0,13.5,1,0,1,72
6,20,15,1,1,0,0,0,5.25,1,1,1,86
6,20,15,0,1,0,0,0,9.9333,1,1,1,86
6,20,595,1,1,0,0,0,22.8,1,1,1,54
6,20,595,0,1,0,0,0,7.6,1,1,1,54
6,20,595,1,1,0,0,0,1.0667,1,1,1,54
6,20,595,0,1,0,0,0,13.8667,1,1,1,54
6,20,595,1,1,0,0,0,9.3667,1,1,1,54
6,20,595,0,1,0,0,0,2.6167,1,1,1,54
6,20,146,0,1,0,0,0,9.0167,1,0,1,67
6,20,146,1,1,0,0,1,19.1333,1,0,1,67
6,20,146,1,1,0,0,1,12.8833,1,0,1,67
6,20,20,1,1,0,0,0,25.3,1,1,1,82
6,20,20,1,1,0,0,0,14.0333,1,1,1,82
6,20,20,0,1,0,0,0,1.9667,1,1,1,82
6,20,585,1,1,0,0,0,0.2667,1,0,1,54
6,20,585,0,1,0,0,0,24.05,1,0,1,54
6,20,585,1,1,0,0,0,9.85,1,0,1,54
6,20,10,1,1,0,0,0,24.9167,1,1,1,88
6,20,10,1,1,0,0,0,17.8167,1,1,1,88
6,20,10,1,1,0,0,0,5,1,1,1,88
6,20,10,0,1,0,0,1,1.15,1,1,1,88
6,20,815,1,0,0,0,0,5.4833,1,0,1,72
6,20,815,1,0,0,0,0,2.4167,1,0,1,72
6,20,750,0,1,0,0,0,11.4,1,1,1,68
6,20,750,1,1,0,0,0,3.8833,1,1,1,68
6,20,750,0,1,0,0,0,6.8333,1,1,1,68
7,20,585,0,1,0,1,0,12.7167,1,0,1,52
7,20,585,1,1,0,1,1,5.6333,1,0,1,52
7,20,585,1,1,0,1,0,22.8833,1,0,1,52
7,20,585,1,1,0,1,0,20.85,1,0,1,52
7,20,585,0,1,0,1,0,4.2833,1,0,1,52
7,20,146,0,1,0,0,0,10.0667,1,0,1,57
7,20,710,0,0,0,0,0,10.8833,1,0,1,72
7,20,770,0,1,0,0,0,3.2833,1,1,1,65
7,20,770,1,1,0,0,1,0.2167,1,1,1,65
7,20,770,1,1,0,0,0,21.05,1,1,1,65
7,20,750,0,1,0,0,0,21.65,1,1,1,68
7,20,750,1,1,0,0,0,5.3667,1,1,1,68
7,20,750,1,1,0,0,0,3.1333,1,1,1,68
7,20,750,0,1,0,0,0,25,0,1,1,68
7,20,750,1,1,0,0,0,6.7667,1,1,1,68
7,20,750,0,1,0,0,0,2.1167,1,1,1,68
7,20,15,1,1,0,0,0,23,1,1,1,78
7,20,15,1,1,0,0,0,0.4333,1,1,1,78
7,20,5,0,0,0,0,0,0.1167,0,0,1,72
7,20,5,1,0,0,0,0,26.25,1,0,0,72
7,20,5,0,0,0,0,0,21.7167,1,0,1,72
7,20,5,1,0,0,0,0,19.8167,1,0,1,72
7,20,5,1,0,0,0,0,12,1,0,1,72
7,20,590,0,1,0,0,0,27.4167,1,1,1,45
7,20,590,1,1,0,0,0,21.9667,1,1,1,45
7,20,590,0,1,0,0,0,19.0833,1,1,1,45
7,20,590,0,1,0,0,0,13.8333,1,1,1,45
7,20,590,1,1,0,0,0,7.9667,0,1,1,45
7,20,20,0,1,0,0,0,19.5,1,1,1,74
7,20,20,0,1,0,0,0,3.9667,1,1,1,74
7,20,20,1,1,0,0,0,15.1333,1,1,1,68
7,20,20,0,1,0,0,1,1.25,1,1,1,68
7,20,20,0,1,0,0,0,24.1833,1,1,1,68
7,20,20,1,1,0,0,0,14.3667,1,1,1,68
7,20,20,0,1,0,0,0,12.4667,1,1,1,68
7,20,20,1,1,0,0,0,0.45,1,1,1,68
7,20,455,1,1,0,0,0,16.75,1,0,1,78
7,20,455,1,1,0,0,0,11.15,1,0,1,78
7,20,455,0,1,0,0,0,3.0833,1,0,1,78
8,20,146,1,1,0,0,0,27.1333,1,0,1,59
8,20,146,0,1,0,0,0,17.15,1,0,1,59
8,20,146,1,1,0,0,1,13.0833,1,0,1,59
8,20,10,0,0,0,0,1,18.2167,1,0,0,72
8,20,10,0,0,0,0,0,1.9,1,0,1,72
8,20,10,0,0,0,0,0,14.4,1,0,1,72
8,20,770,1,1,0,0,0,22.65,1,1,1,66
8,20,770,1,1,0,0,0,19.2833,1,1,1,66
8,20,5280,1,1,1,0,0,20.7333,1,1,1,34
8,20,5280,0,1,1,0,1,18.5167,1,1,1,34
8,20,5280,0,1,1,0,0,2.75,1,1,1,34
8,20,5280,0,1,1,0,0,24.3333,1,1,1,34
8,20,660,0,1,0,0,0,18.7,1,1,1,46
8,20,660,0,1,0,0,0,15.8833,1,1,0,46
8,20,660,0,1,0,0,0,0.8167,1,1,1,46
8,20,595,1,1,0,0,0,17.7333,1,1,1,46
8,20,595,1,1,0,0,0,12.9667,1,1,1,46
8,20,595,0,1,0,0,0,0.1333,1,1,1,46
8,20,595,0,1,0,0,0,21.3667,1,1,1,46
8,20,595,1,1,0,0,0,10.3,1,1,1,46
8,20,595,0,1,0,0,0,2.3833,1,1,1,46
8,20,25,1,1,0,0,0,12.6167,1,1,1,61
8,20,25,0,1,0,0,0,8.3,0,1,1,61
8,20,25,0,1,0,0,1,1.0833,1,1,1,61
8,20,25,0,1,0,0,0,19.9833,1,1,1,61
8,20,25,1,1,0,0,1,15.7667,1,1,1,61
8,20,25,1,1,0,0,0,5.4333,1,1,1,61
8,20,25,0,1,0,0,0,3.35,1,1,1,61
8,20,15,1,1,0,0,0,17.1833,1,1,1,73
8,20,15,0,1,0,0,1,14.8167,1,1,1,73
8,20,15,0,1,0,0,0,8.55,1,1,1,73
8,20,15,1,1,0,0,1,4.1833,1,1,1,73
8,20,15,1,1,0,0,1,21.2333,1,1,1,73
8,20,455,0,1,0,0,0,4.1333,1,0,1,65
8,20,455,0,1,0,0,0,27.4833,1,0,0,65
8,20,455,0,1,0,0,0,26.3167,1,0,1,65
8,20,455,0,1,0,0,0,17.5333,1,0,1,65
8,20,455,1,1,0,0,0,2.4833,1,0,1,65
8,20,590,1,1,0,1,0,25.8333,1,1,1,42
8,20,590,0,1,0,1,1,20.8333,1,1,1,42
8,20,590,1,1,0,1,0,13.8833,1,1,1,42
8,20,590,0,1,0,1,1,1,1,1,1,42
8,20,590,1,1,0,1,0,11.85,1,1,1,42
8,20,590,1,1,0,1,0,11.05,1,1,1,42
8,20,590,0,1,0,1,0,5.2167,1,1,1,42
8,20,745,0,1,0,0,0,9.1,1,0,1,71
8,20,745,0,1,0,0,0,25.9333,1,0,1,71
8,20,745,0,1,0,0,0,19.6167,1,0,1,71
8,20,138,1,1,0,0,0,25.5667,1,1,1,72
8,20,138,1,1,0,0,0,9.9333,1,1,1,72
8,20,138,1,1,0,0,0,1.95,1,1,1,72
9,20,100,1,1,0,1,0,13,1,0,1,57
9,20,100,1,1,0,1,0,0.1333,0,0,1,57
9,20,100,1,1,0,1,0,6.2667,1,0,1,57
9,20,1090,1,1,0,0,0,23.1,1,1,1,82
9,20,1090,0,1,0,0,0,22.8667,1,1,1,82
9,20,1090,0,1,0,0,1,11.1333,1,1,1,82
9,20,550,1,1,0,0,0,20.5333,1,0,1,55
9,20,550,0,1,0,0,0,5.5833,1,0,1,55
9,20,550,0,1,0,0,0,2.85,1,0,1,55
9,20,550,1,1,0,0,1,0.25,1,0,1,55
9,20,10,1,1,0,0,0,20.05,1,1,1,82
9,20,10,1,1,0,0,0,11.5833,1,1,1,82
9,20,710,1,0,0,0,0,4.4333,1,0,1,72
9,20,710,1,0,0,0,0,0,1,0,1,72
9,20,710,0,0,0,0,0,11.75,1,0,1,72
9,20,25,0,1,0,0,0,27.2167,1,1,1,49
9,20,25,0,1,0,0,0,10.85,1,1,1,49
9,20,25,0,1,0,0,0,9.2,1,1,1,49
9,20,65,1,1,0,0,0,14.9167,1,1,1,59
9,20,65,0,1,0,0,0,7.7667,0,1,1,59
9,20,745,1,1,0,1,0,19.2833,1,0,1,51
9,20,745,1,1,0,1,0,14.8833,1,0,1,51
9,20,585,0,0,0,0,0,14.9333,0,0,1,72
9,20,585,1,0,0,0,0,14.5667,1,0,1,72
9,20,585,0,0,0,0,0,3.55,1,0,1,72
9,20,585,1,0,0,0,0,0.95,1,0,1,72
9,20,1050,1,0,0,0,1,26.5833,1,0,1,72
9,20,1050,0,0,0,0,0,5.5667,1,0,1,72
9,20,1050,0,0,0,0,0,0.25,1,0,1,72
9,20,1050,0,0,0,0,0,26.5167,1,0,1,72
9,20,1050,0,0,0,0,0,10.2333,1,0,1,72
9,20,40,0,0,0,0,1,10.7,1,0,1,72
9,20,40,1,0,0,0,0,15.4333,1,0,1,72
9,20,815,0,0,0,0,0,2.3833,1,0,1,72
9,20,815,0,0,0,0,0,0.4167,1,0,1,72
10,20,595,0,1,0,0,0,9.7,1,1,1,37
10,20,595,1,1,0,0,0,8.1,1,1,1,37
10,20,595,0,1,0,0,0,1.65,1,1,1,37
10,20,595,1,1,0,0,0,22.3833,1,1,1,37
10,20,595,0,1,0,0,1,12.3167,1,1,1,37
10,20,595,1,1,0,0,0,8.7667,1,1,1,37
10,20,595,0,1,0,0,1,1.1,1,1,1,37
10,20,1050,1,0,0,0,0,22.8667,1,0,1,72
10,20,1050,1,0,0,0,0,19.9833,1,0,1,72
10,20,1050,0,0,0,0,0,11.35,1,0,1,72
10,20,65,0,1,0,0,0,15.8833,1,1,1,64
10,20,65,1,1,0,0,0,13.7167,1,1,1,64
10,20,710,0,0,0,0,0,26.4,1,0,1,72
10,20,710,1,0,0,0,1,22.8333,1,0,1,72
10,20,5280,1,1,0,0,0,26.2,1,1,1,65
10,20,5280,1,1,0,0,0,23.3333,1,1,1,65
10,20,5280,1,1,0,0,0,14.9333,1,1,1,65
10,20,5280,0,1,0,0,0,0.0667,0,1,1,65
10,20,5280,1,1,0,0,0,24.2333,1,1,1,65
10,20,5280,1,1,0,0,0,7.85,1,1,1,65
10,20,750,1,1,0,0,0,22.4333,1,1,1,54
10,20,750,1,1,0,0,0,11.8667,1,1,1,54
10,20,750,1,1,0,0,0,2.4333,1,1,1,54
10,20,5,0,0,0,0,0,17.0333,1,0,1,72
10,20,5,1,0,0,0,1,12.2,1,0,1,72
10,20,10,1,0,0,0,0,25,1,0,1,72
10,20,10,1,0,0,0,0,19.1833,1,0,1,72
10,20,10,1,0,0,0,0,15.65,1,0,1,72
10,20,10,0,0,0,0,0,11.6667,1,0,1,72
10,20,146,0,1,0,0,0,5.6,1,0,1,46
10,20,146,0,1,0,0,0,18.7667,1,0,1,46
10,20,20,0,1,0,0,0,19.4167,1,1,1,64
10,20,20,0,1,0,0,0,19.3167,1,1,1,64
10,20,20,0,1,0,0,0,7.3667,1,1,1,64
10,20,660,0,1,0,0,0,7.2667,1,1,1,38
10,20,660,0,1,0,0,0,1.1167,1,1,1,38
10,20,660,0,1,0,0,0,23.6667,1,1,1,38
10,20,660,0,1,0,0,0,13.0667,1,1,1,38
10,20,815,0,0,0,0,0,26.4833,1,0,1,72
10,20,815,1,0,0,0,1,18.8333,1,0,1,72
10,20,815,1,0,0,0,1,27.05,1,0,1,72
10,20,815,1,0,0,0,0,23.6333,1,0,1,72
10,20,435,1,1,0,1,0,25.6167,1,0,1,61
10,20,435,1,1,0,1,0,12.8167,1,0,1,61
11,20,590,0,1,1,0,0,24.6833,1,1,1,22
11,20,590,1,1,1,0,0,18.8333,1,1,1,22
11,20,590,0,1,1,0,1,14.9333,1,1,1,22
11,20,590,1,1,1,0,0,6.3167,1,1,1,22
11,20,590,0,1,1,0,1,0.1167,1,1,1,22
11,20,590,0,1,1,0,0,17.7833,1,1,1,22
11,20,590,1,1,1,0,1,17.45,1,1,1,22
11,20,590,1,1,1,0,0,9.2833,1,1,1,22
11,20,435,0,1,0,1,0,28.9833,1,0,1,68
11,20,435,0,1,0,1,0,14.25,1,0,1,68
11,20,435,1,1,0,1,0,6.5,1,0,1,68
11,20,435,0,1,0,1,0,1.8,1,0,1,68
11,20,435,1,1,0,1,0,4.3167,1,0,1,68
11,20,585,0,1,0,1,0,20.9833,1,0,1,31
11,20,585,1,1,0,1,1,17.1833,1,0,1,31
11,20,585,1,1,0,1,0,1.05,1,0,1,31
11,20,585,0,1,0,1,1,23.35,1,0,1,31
11,20,455,1,0,0,0,0,10.7833,1,0,1,72
11,20,455,0,0,0,0,0,1.2,1,0,1,72
11,20,455,1,0,0,0,0,14.9333,1,0,1,72
11,20,455,1,0,0,0,0,13.2833,1,0,1,72
11,20,455,0,0,0,0,0,4.3667,1,0,1,72
11,20,40,0,0,0,0,0,28.2833,1,0,1,72
11,20,40,1,0,0,0,0,22.75,1,0,1,72
11,20,40,0,0,0,0,0,22.9333,1,0,1,72
11,20,40,0,0,0,0,0,9.75,1,0,1,72
11,20,1090,0,1,0,0,0,13.0167,1,1,1,75
11,20,1090,1,1,0,0,0,8.5833,1,1,1,75
11,20,1090,0,1,0,0,0,12.2833,1,1,1,75
11,20,20,0,1,0,0,0,25.1833,1,1,1,52
11,20,20,1,1,0,0,1,21.5,1,1,1,52
11,20,20,0,1,0,0,0,15,1,1,1,52
11,20,20,0,1,0,0,0,10.9333,1,1,1,52
11,20,20,0,1,0,0,1,25.95,1,1,1,52
11,20,20,0,1,0,0,0,13.7833,1,1,1,52
11,20,20,0,1,0,0,0,1.05,1,1,1,52
11,20,100,0,1,0,0,1,23.4667,1,0,1,34
11,20,100,1,1,0,0,0,9.9,1,0,1,34
11,20,100,1,1,0,0,0,11.6333,1,0,1,34
11,20,5,0,0,0,0,0,4.75,1,0,1,72
11,20,5,1,0,0,0,1,1.15,1,0,1,72
11,20,5,1,0,0,0,0,15.2833,1,0,1,72
11,20,5,0,0,0,0,1,13.2333,1,0,1,72
11,20,585,1,0,0,0,0,22.3833,1,0,1,72
11,20,585,0,0,0,0,1,18.25,1,0,1,72
11,20,585,1,0,0,0,0,8.9,1,0,1,72
11,20,585,0,0,0,0,0,5.1667,1,0,1,72
11,20,585,1,0,0,0,0,5.35,1,0,1,72
11,20,585,0,0,0,0,0,0.7,1,0,1,72
11,20,20,0,1,0,0,0,21.85,1,1,1,69
11,20,20,1,1,0,0,1,18.45,1,1,1,69
11,20,10,0,1,0,0,0,9.6833,1,1,1,74
11,20,10,0,1,0,0,0,25.5667,1,1,1,74
11,20,10,1,1,0,0,1,21.2333,1,1,1,74
11,20,10,0,1,0,0,0,16.85,1,1,1,74
11,20,10,0,1,0,0,0,8.6,1,1,1,74
11,20,745,1,1,1,0,0,8.7833,1,0,1,38
12,20,10,0,1,0,0,0,26.3833,1,1,1,75
12,20,10,1,1,0,0,1,14.8167,1,1,1,75
12,20,10,0,1,0,0,0,20.0667,1,1,1,75
12,20,1050,1,0,0,0,0,13.6,1,0,1,72
12,20,1050,1,0,0,0,0,24.3,1,0,1,72
12,20,25,0,1,0,0,0,14.3333,1,1,1,49
12,20,25,1,1,0,0,1,9.9667,1,1,1,49
12,20,25,0,1,0,0,0,20.55,1,1,1,49
12,20,25,0,1,0,0,0,7.7667,1,1,1,49
12,20,25,1,1,0,0,0,1.3,1,1,1,49
12,20,5280,1,1,0,0,0,28.45,1,1,1,55
12,20,5280,1,1,0,0,0,24.2333,1,1,1,55
12,20,5280,1,1,0,0,0,15.0667,1,1,1,55
12,20,5280,0,1,0,0,0,15,1,1,1,55
12,20,5280,1,1,0,0,0,9.95,0,1,1,55
12,20,5280,0,1,0,0,0,14.95,1,1,1,55
12,20,5280,0,1,0,0,1,9.95,1,1,1,55
12,20,550,1,1,0,0,0,17.6667,1,0,1,47
12,20,550,1,1,0,0,0,11.4667,1,0,1,47
12,20,550,0,1,0,0,0,7.3,1,0,1,47
12,20,550,1,1,0,0,0,25.5167,1,0,1,47
12,20,550,0,1,0,0,0,21.7667,1,0,1,47
12,20,550,0,1,0,0,0,9.55,1,0,1,47
12,20,550,0,1,0,0,0,4.15,1,0,1,47
12,20,815,1,0,0,0,0,23.9667,1,0,1,72
12,20,815,1,0,0,0,0,19.9667,1,0,1,72
12,20,815,1,0,0,0,0,6.8667,0,0,1,72
12,20,815,0,0,0,0,0,3.9333,1,0,1,72
12,20,815,1,0,0,0,0,8.7333,1,0,1,72
12,20,15,0,1,0,0,1,14.8667,1,1,1,75
12,20,15,1,1,0,0,0,8.1833,1,1,1,75
12,20,138,0,1,0,0,0,9.7833,1,1,1,44
12,20,138,0,1,0,0,0,1.3333,1,1,1,44
12,20,138,1,1,0,0,0,16.7833,1,1,1,44
12,20,138,0,1,0,0,0,8.9167,1,1,1,44
12,20,750,1,1,0,0,0,14.9167,1,1,1,63
12,20,750,0,1,0,0,1,1.7667,1,1,1,63
12,20,750,1,1,0,0,0,0.25,1,1,1,63
12,20,660,0,1,1,0,0,20.0667,1,1,1,39
12,20,660,0,1,1,0,0,11.45,1,1,1,39
12,20,660,1,1,1,0,0,12.15,1,1,1,39
12,20,660,0,1,1,0,0,8.3833,1,1,1,39
12,20,660,1,1,1,0,0,7.6833,1,1,1,39
12,20,595,1,1,0,1,0,21.7333,1,1,1,44
12,20,595,0,1,0,1,0,16.15,1,1,1,44
12,20,595,1,1,0,1,1,13.7333,1,1,1,44
12,20,595,0,1,0,1,0,2.5333,1,1,1,44
12,20,146,0,1,0,0,0,16.5833,1,0,1,47
12,20,146,1,1,0,0,0,28.6,1,0,1,47
12,20,146,0,1,0,0,0,25.6833,1,0,1,47
12,20,770,1,1,0,0,0,13.85,1,1,1,65
12,20,770,1,1,0,0,0,11.8667,1,1,1,65
12,20,770,0,1,0,0,0,0,1,1,1,65
13,20,590,1,1,0,0,0,17.2167,1,1,1,34
13,20,590,0,1,0,0,1,12.7833,1,1,1,34
13,20,590,1,1,0,0,0,2.2,1,1,1,34
13,20,590,1,1,0,0,0,15.3333,1,1,1,34
13,20,40,1,0,0,0,0,24.8833,1,0,1,72
13,20,40,0,0,0,0,0,23.15,1,0,1,72
13,20,40,1,0,0,0,0,18.0833,1,0,1,72
13,20,40,1,0,0,0,0,8.8167,1,0,1,72
13,20,40,0,0,0,0,0,3.5167,1,0,1,72
13,20,40,1,0,0,0,0,1.3333,1,0,1,72
13,20,40,1,0,0,0,0,23.55,1,0,1,72
13,20,40,1,0,0,0,0,6.8167,1,0,1,72
13,20,710,1,0,0,0,0,23.8167,1,0,1,72
13,20,710,1,0,0,0,0,7.6667,1,0,1,72
13,20,585,1,1,1,0,1,5.05,1,0,0,33
13,20,585,0,1,1,0,0,14.9333,1,0,1,33
13,20,585,0,1,1,0,0,0.95,1,0,1,33
13,20,10,0,0,0,0,0,26.9667,1,0,1,72
13,20,10,1,0,0,0,0,23.4333,1,0,1,72
13,20,25,1,1,0,0,1,14.3667,1,1,1,47
13,20,65,0,1,0,0,0,19.5,1,1,1,61
13,20,65,1,1,0,0,0,11.35,1,1,1,61
13,20,65,1,1,0,0,0,10.8,1,1,1,61
13,20,65,1,1,0,0,0,0.8167,1,1,1,61
13,20,65,1,1,0,0,0,21.7,1,1,1,61
13,20,1090,0,1,0,0,0,11.0333,1,1,1,77
13,20,1090,0,1,0,0,0,7.4333,1,1,1,77
13,20,1090,1,1,0,0,0,2.1167,1,1,1,77
13,20,1090,1,1,0,0,1,0.4833,1,1,1,77
13,20,1090,0,1,0,0,0,27.9667,1,1,1,77
13,20,1090,1,1,0,0,1,15.85,1,1,1,77
13,20,5,1,0,0,0,0,17,1,0,1,72
13,20,5,1,0,0,0,0,7.9833,1,0,1,72
13,20,5,1,0,0,0,0,4.9,1,0,1,72
13,20,5,0,0,0,0,0,0.3833,1,0,1,72
13,20,146,1,1,0,0,1,18.6833,1,0,1,46
13,20,146,1,1,0,0,0,4.6667,1,0,1,46
13,20,146,0,1,0,0,0,11.2667,1,0,1,46
13,20,146,1,1,0,0,1,6.45,1,0,1,46
13,20,20,1,1,0,0,1,9.3167,1,1,1,60
13,20,20,0,1,0,0,0,0.2833,1,1,1,60
13,20,660,0,1,0,0,0,21.7167,1,1,1,50
13,20,660,0,1,0,0,0,4.0667,1,1,1,50
13,20,660,1,1,0,0,0,0.5167,1,1,1,50
13,20,435,1,1,0,1,0,23.6833,1,0,1,66
13,20,435,1,1,0,1,0,15.4833,1,0,1,66
13,20,435,1,1,0,1,0,21.05,1,0,1,66
13,20,435,1,1,0,1,0,10.9333,0,0,1,66
13,20,585,1,0,0,0,0,16.8167,1,0,1,72
13,20,585,0,0,0,0,0,15.3167,1,0,1,72
13,20,585,1,0,0,0,0,10.05,1,0,1,72
13,20,585,0,0,0,0,1,6.15,1,0,1,72
13,20,585,0,0,0,0,0,0.4,1,0,1,72
13,20,585,1,0,0,0,0,18.7833,1,0,1,72
13,20,585,1,0,0,0,0,5.3,1,0,1,72
14,20,138,0,1,0,0,0,25.8167,1,1,1,36
14,20,138,0,1,0,0,0,19.4333,1,1,1,36
14,20,138,1,1,0,0,1,2.9833,1,1,1,36
14,20,138,0,1,0,0,0,8.5,1,1,1,36
14,20,5280,0,1,0,0,0,0.1333,1,1,1,51
14,20,770,0,1,0,0,0,27.6667,1,1,1,64
14,20,770,1,1,0,0,0,4.25,1,1,1,64
14,20,745,1,1,0,0,0,15,1,0,1,55
14,20,745,0,1,0,0,1,6.8333,1,0,1,55
14,20,745,1,1,0,0,0,0.3167,1,0,1,55
14,20,745,1,1,0,0,0,3.45,1,0,1,55
14,20,10,0,1,0,0,0,17.8667,1,1,1,78
14,20,10,0,1,0,0,0,3.6167,1,1,1,78
14,20,146,0,1,0,0,0,16.7167,1,0,1,51
14,20,146,1,1,0,0,1,1.85,1,0,1,51
14,20,146,0,1,0,0,0,16.6833,1,0,1,51
14,20,146,0,1,0,0,0,10.75,1,0,1,51
14,20,10,1,0,0,0,0,18.5667,1,0,1,72
14,20,10,1,0,0,0,0,13.0833,1,0,1,72
14,20,10,0,0,0,0,0,1.2333,1,0,1,72
14,20,10,0,0,0,0,0,13.7167,1,0,1,72
14,20,815,1,0,0,0,0,20.7667,1,0,1,72
14,20,815,1,0,0,0,0,17.2667,1,0,1,72
14,20,815,0,0,0,0,0,13.5333,1,0,1,72
14,20,815,1,0,0,0,0,9.4333,1,0,1,72
14,20,435,1,1,0,0,0,8.3667,1,0,1,53
14,20,435,0,1,0,0,1,1.3667,1,0,1,53
14,20,435,0,1,0,0,0,20.0167,1,0,1,53
14,20,435,0,1,0,0,0,8.75,1,0,1,53
14,20,435,1,1,0,0,0,1.8,1,0,1,53
14,20,65,1,1,0,0,0,24.75,1,1,1,58
14,20,65,1,1,0,0,1,0.0333,0,1,1,58
14,20,65,1,1,0,0,0,24.0833,1,1,1,58
14,20,65,0,1,0,0,0,10.8667,1,1,1,58
14,20,65,1,1,0,0,0,7.95,1,1,1,58
14,20,590,0,1,0,0,0,1,1,1,1,32
14,20,590,1,1,0,0,1,0.1,1,1,1,32
14,20,590,1,1,0,0,0,14.2,1,1,1,32
14,20,585,1,0,0,0,0,15.8667,1,0,1,72
14,20,585,1,0,0,0,0,1.5167,1,0,1,72
14,20,585,0,0,0,0,0,21.1,1,0,1,72
14,20,1090,0,1,0,0,0,23.2,1,1,1,68
15,20,1050,1,0,0,0,0,22.7167,1,0,1,72
15,20,1050,0,0,0,0,0,14.3,1,0,1,72
15,20,1050,0,0,0,0,0,6.0833,1,0,1,72
15,20,20,0,1,0,0,0,29.75,1,1,1,46
15,20,20,0,1,0,0,0,18.6333,1,1,1,46
15,20,20,1,1,0,0,0,12.9,1,1,1,46
15,20,20,0,1,0,0,0,5.7333,1,1,1,46
15,20,20,1,1,0,0,0,12.2833,1,1,1,46
15,20,20,0,1,0,0,0,8.0667,1,1,1,46
15,20,20,1,1,0,0,0,6.4,1,1,1,46
15,20,20,0,1,0,0,0,2.8167,1,1,1,46
15,20,20,1,1,0,0,0,1.0833,1,1,1,46
15,20,20,1,1,0,0,0,13.1333,1,1,1,72
15,20,20,0,1,0,0,1,7.2167,1,1,1,72
15,20,20,1,1,0,0,1,0.6167,1,1,1,72
15,20,20,1,1,0,0,0,29.75,1,1,1,72
15,20,146,1,1,0,1,0,11.9833,1,0,1,22
15,20,146,1,1,0,1,0,1.2,1,0,1,22
15,20,770,0,1,0,0,0,25.7833,1,1,1,34
15,20,770,0,1,0,0,0,5.1667,1,1,1,34
15,20,770,0,1,0,0,0,0.5,1,1,1,34
15,20,770,0,1,0,0,0,18.1167,1,1,1,34
15,20,770,0,1,0,0,0,10.7833,0,1,1,34
15,20,5280,1,1,0,0,0,26.1333,1,1,1,56
15,20,5280,1,1,0,0,0,12.7667,1,1,1,56
15,20,5280,0,1,0,0,0,24.15,1,1,1,56
15,20,5280,0,1,0,0,0,11.1,1,1,1,56
15,20,5280,0,1,0,0,0,4.1667,1,1,1,56
15,20,5280,0,1,0,0,0,0.8167,1,1,1,56
15,20,138,0,1,0,1,0,13.1833,1,1,1,26
15,20,138,1,1,0,1,1,12.0833,1,1,1,26
15,20,138,1,1,0,1,1,18.7167,1,1,1,26
15,20,138,1,1,0,1,0,5.65,1,1,1,26
15,20,40,0,0,0,0,0,21.1833,1,0,1,72
15,20,40,1,0,0,0,1,0.0833,1,0,1,72
15,20,40,0,0,0,0,0,1.3333,1,0,1,72
15,20,40,1,0,0,0,0,8.7833,1,0,1,72
15,20,100,0,1,0,1,0,18.0667,1,0,1,19
15,20,815,1,0,0,0,0,14.1833,1,0,1,72
15,20,815,1,0,0,0,0,20.7167,1,0,1,72
15,20,815,1,0,0,0,0,12.9833,1,0,1,72
15,20,550,1,1,0,1,0,18.5667,1,0,1,10
15,20,455,0,0,0,0,0,23.9,1,0,1,72
15,20,455,1,0,0,0,1,20.4833,1,0,1,72
15,20,455,0,0,0,0,0,5.4833,1,0,1,72
15,20,455,0,0,0,0,0,21.4833,1,0,1,72
15,20,15,1,1,0,0,0,23.7333,1,1,1,51
15,20,10,1,1,0,0,0,2.7,1,1,1,69
15,20,10,0,1,0,0,0,5.0667,1,1,0,69
16,20,5,0,0,0,0,0,25.9667,1,0,1,72
16,20,5,1,0,0,0,1,22.2833,1,0,1,72
16,20,5,0,0,0,0,0,21.2333,1,0,1,72
16,20,5,0,0,0,0,0,14.9,1,0,1,72
16,20,5,0,0,0,0,0,4.2333,1,0,1,72
16,20,5,1,0,0,0,0,0.3167,1,0,1,72
16,20,5,0,0,0,0,0,15.2,1,0,1,72
16,20,745,1,1,0,0,0,1.2167,1,0,1,38
16,20,745,1,1,0,0,0,0.2167,1,0,1,38
16,20,745,1,1,0,0,0,21.9,1,0,1,38
16,20,745,0,1,0,0,0,12.0833,1,0,1,38
16,20,745,1,1,0,0,0,1.15,1,0,1,38
16,20,660,1,1,0,0,0,14.9167,1,1,1,32
16,20,660,1,1,0,0,0,0.3167,1,1,1,32
16,20,660,0,1,0,0,0,6.85,1,1,1,32
16,20,770,0,1,0,0,0,21.8,1,1,1,55
16,20,770,0,1,0,0,0,16.5,1,1,1,55
16,20,770,1,1,0,0,0,7.1,1,1,1,55
16,20,100,1,1,0,0,0,6.0667,1,0,1,39
16,20,100,1,1,0,0,0,27.2167,1,0,1,39
16,20,710,1,0,0,0,0,1.8,1,0,1,72
16,20,710,0,0,0,0,0,17.9333,1,0,1,72
16,20,710,0,0,0,0,0,11.35,1,0,1,72
16,20,585,1,1,0,0,1,18.65,0,0,1,26
16,20,585,1,1,0,0,0,0.6333,1,0,1,26
16,20,585,0,1,0,0,1,22.7333,1,0,1,26
16,20,585,1,1,0,0,0,15.0833,1,0,1,26
16,20,585,0,1,0,0,1,9.1833,1,0,1,26
16,20,585,1,0,0,0,0,12.8167,1,0,1,72
16,20,585,1,0,0,0,0,0.6667,1,0,1,72
16,20,585,1,0,0,0,0,19.1833,1,0,1,72
16,20,585,1,0,0,0,0,10.8667,1,0,1,72
16,20,750,1,1,0,0,0,3.0167,1,1,1,37
16,20,750,0,1,0,0,0,0.05,1,1,1,37
16,20,750,0,1,0,0,0,0.2,1,1,1,37
16,20,455,1,0,0,0,0,18.4833,1,0,1,72
16,20,455,0,0,0,0,0,15,1,0,1,72
16,20,455,0,0,0,0,0,22.9833,1,0,1,72
16,20,455,0,0,0,0,0,20.7833,1,0,1,72
16,20,455,1,0,0,0,0,13.7667,1,0,1,72
16,20,455,0,0,0,0,0,7.7,1,0,1,72
16,20,40,1,0,0,0,0,4.5833,1,0,1,72
16,20,435,0,1,1,0,0,0.2333,1,0,1,49
16,20,435,0,1,1,0,0,14.8833,0,0,1,49
16,20,595,1,1,0,0,0,29.6333,1,1,1,34
16,20,595,0,1,0,0,1,25.25,1,1,1,34
16,20,595,1,1,0,0,0,14.3167,1,1,1,34
16,20,595,1,1,0,0,0,23.5167,1,1,1,34
16,20,595,1,1,0,0,0,10.3833,1,1,1,34
16,20,65,1,1,0,0,0,21.4833,1,1,0,49
16,20,65,1,1,0,0,0,16.4167,1,1,1,49
16,20,65,0,1,0,0,0,8.05,1,1,1,49
16,20,65,1,1,0,0,0,6.1667,1,1,0,49
16,20,65,0,1,0,0,0,2.6667,1,1,1,49
16,20,65,0,1,0,0,1,23.2333,1,1,1,49
16,20,65,1,1,0,0,1,19.3333,0,1,1,49
16,20,65,1,1,0,0,0,12.2333,1,1,1,49
17,20,585,0,1,1,0,0,19.4,1,0,1,26
17,20,585,1,1,1,0,0,5.3667,1,0,1,26
17,20,585,1,1,1,0,0,1.2333,1,0,1,26
17,20,15,0,1,0,0,0,19.3667,1,1,1,53
17,20,15,0,1,0,0,0,29.3667,1,1,1,53
17,20,15,1,1,0,0,0,7.2,1,1,1,53
17,20,15,0,1,0,0,0,1.8333,1,1,1,53
17,20,1050,0,0,0,0,0,24.4,1,0,1,72
17,20,1050,0,0,0,0,0,16.9667,1,0,1,72
17,20,1050,1,0,0,0,0,13.7333,1,0,1,72
17,20,1050,0,0,0,0,0,12.2667,1,0,1,72
17,20,750,1,1,0,0,0,29.75,1,1,1,31
17,20,750,1,1,0,0,0,22.4167,0,1,1,31
17,20,590,1,1,0,0,0,14.3,1,1,1,24
17,20,590,1,1,0,0,0,1.9333,1,1,1,24
17,20,590,1,1,0,0,0,24.4333,1,1,1,24
17,20,595,1,1,1,0,0,26.8333,1,1,1,27
17,20,595,0,1,1,0,1,14.9333,1,1,1,27
17,20,595,1,1,1,0,0,2.35,1,1,1,27
17,20,595,0,1,1,0,0,13.9667,1,1,1,27
17,20,550,0,1,1,0,1,24.5833,0,0,1,23
17,20,550,0,1,1,0,0,8.1333,1,0,1,23
17,20,550,0,1,1,0,0,7.6833,1,0,1,23
17,20,550,0,1,1,0,0,0.0333,1,0,1,23
17,20,550,1,1,1,0,0,26.1333,1,0,1,23
17,20,550,1,1,1,0,0,18.3333,1,0,1,23
17,20,550,1,1,1,0,1,8.0167,1,0,1,23
17,20,455,0,0,0,0,0,16.9667,1,0,1,72
17,20,455,0,0,0,0,0,7.1667,1,0,1,72
17,20,455,0,0,0,0,0,3.4667,1,0,1,72
17,20,455,1,0,0,0,0,17.9167,1,0,1,72
17,20,455,0,0,0,0,0,3.95,1,0,1,72
17,20,455,0,0,0,0,0,1.3167,1,0,1,72
17,20,20,1,1,0,0,0,19.0833,1,1,1,42
17,20,20,0,1,0,0,0,14.8167,1,1,1,42
17,20,20,0,1,0,0,1,22.5333,1,1,1,42
17,20,20,0,1,0,0,1,1.2167,1,1,1,42
17,20,25,0,1,0,0,1,0.3667,1,1,1,35
17,20,25,1,1,0,0,0,18.8833,1,1,1,35
17,20,25,0,1,0,0,0,0.5833,1,1,1,35
17,20,1090,0,1,0,0,0,27.6333,1,1,1,61
17,20,1090,0,1,0,0,0,7.5167,1,1,1,61
17,20,1090,1,1,0,0,0,26.5,1,1,1,61
17,20,1090,0,1,0,0,0,5.8167,1,1,1,61
17,20,146,1,1,0,1,0,0.2333,1,0,1,36
17,20,146,0,1,0,1,0,24.85,1,0,1,36
17,20,146,0,1,0,1,1,9.0667,1,0,1,36
17,20,146,0,1,0,1,0,5.7333,1,0,1,36
17,20,710,0,0,0,0,0,1.9,1,0,1,72
17,20,710,1,0,0,0,1,17.9833,1,0,1,72
1,21,138,1,1,0,0,1,24.7167,0,1,1,73
1,21,138,1,1,0,0,0,15.85,0,1,1,73
1,21,100,1,1,0,0,1,22.4667,0,0,1,80
1,21,595,1,1,0,0,0,3.6,0,1,1,79
2,21,1090,1,1,0,0,0,0.5167,0,1,1,99
3,21,585,1,0,0,0,1,16.3167,0,0,1,72
3,21,5,1,0,0,0,0,16.2667,0,0,1,72
3,21,5,0,0,0,0,1,0,0,0,1,72
3,21,5280,0,1,0,0,1,17.8667,0,1,1,80
3,21,10,1,1,0,0,0,12.9,0,1,1,91
6,21,595,0,1,0,0,0,15.8667,0,1,1,54
6,21,10,0,1,0,0,0,13.0667,0,1,1,88
6,21,750,1,1,0,0,1,13.4,0,1,1,68
7,21,146,1,1,0,0,0,0.0333,0,0,1,57
8,21,660,1,1,0,0,0,19.4,0,1,1,46
11,21,585,1,1,0,1,0,1.9333,0,0,1,31
12,21,750,1,1,0,0,0,8.25,0,1,1,63
14,21,10,1,1,0,0,0,18.35,0,1,0,78
15,21,100,0,1,0,1,0,9.1167,0,0,1,19
17,21,20,1,1,0,0,0,3.6333,0,1,1,42
1,22,25,1,1,0,0,0,19.6,0,1,1,82
2,22,138,0,1,0,1,1,22.35,0,1,1,67
3,22,15,0,1,0,0,0,0.1667,0,1,1,90
5,22,65,1,1,0,0,1,18.0833,0,1,1,75
5,22,40,0,0,0,0,0,21.5,0,0,1,72
5,22,660,0,1,0,0,1,14.3167,0,1,0,70
6,22,20,0,1,0,0,0,14.8667,0,1,1,82
8,22,595,1,1,0,0,0,20.2833,0,1,1,46
9,22,10,1,1,0,0,0,1.9333,0,1,1,82
9,22,815,1,0,0,0,1,7.1333,0,0,1,72
13,22,146,1,1,0,0,1,21.2667,0,0,1,46
15,22,20,0,1,0,0,0,2.8333,0,1,1,46
16,22,745,0,1,0,0,1,2.25,0,0,1,38
16,22,660,0,1,0,0,0,2.6667,0,1,0,32
2,23,750,1,1,0,0,1,0,0,1,1,73
2,23,660,1,1,0,1,0,10.7833,0,1,1,60
4,23,20,0,1,0,0,1,9.7,0,1,1,76
4,23,585,0,0,0,0,0,9.8833,0,0,1,72
5,23,25,0,1,0,0,0,4.3333,0,1,1,69
5,23,10,0,0,0,0,1,10.8167,0,0,0,72
5,23,660,1,1,0,0,1,18.9333,0,1,1,70
6,23,146,0,1,0,0,1,24.4833,0,0,1,67
7,23,770,1,1,0,0,1,27,0,1,1,65
7,23,15,0,1,0,0,1,0.9333,0,1,1,78
8,23,745,0,1,0,0,0,7.7333,0,0,1,71
8,23,138,0,1,0,0,0,22.4333,0,1,1,72
8,23,138,0,1,0,0,0,16.4167,0,1,1,72
10,23,710,0,0,0,0,0,9.0667,0,0,1,72
10,23,10,0,0,0,0,0,21.2667,0,0,1,72
10,23,10,1,0,0,0,1,25.5,0,0,1,72
11,23,585,1,1,0,1,0,24.7,0,0,1,31
11,23,455,0,0,0,0,0,22.6167,0,0,1,72
11,23,40,1,0,0,0,0,1.95,0,0,1,72
14,23,146,1,1,0,0,0,12.8833,0,0,1,51
14,23,65,0,1,0,0,0,15.4667,0,1,1,58
16,23,745,0,1,0,0,1,15.7833,0,0,1,38
16,23,435,1,1,1,0,0,26.3833,0,0,1,49
16,23,595,1,1,0,0,0,17.3,0,1,1,34
17,23,146,0,1,0,1,0,20.8667,0,0,1,33
17,23,1090,1,1,0,0,0,23.7833,0,1,1,61
17,23,1090,0,1,0,0,0,17.55,0,1,1,61
6,24,585,1,1,0,0,1,3.9667,0,0,1,54
8,24,138,1,1,0,0,0,6.3833,0,1,1,72
9,24,10,1,1,0,0,1,22.4167,0,1,1,82
10,24,595,0,1,0,0,1,0,0,1,1,37
14,24,138,0,1,0,0,1,0.6333,0,1,1,36
16,24,585,1,1,0,0,0,10.5333,0,0,1,26
16,24,40,1,0,0,0,0,10.4,0,0,1,72
1,25,710,0,0,0,0,0,17.6833,0,0,1,72
1,25,10,1,1,0,0,0,6.7167,0,1,1,94
1,25,595,1,1,0,0,0,26.6333,1,1,1,79
3,25,40,0,0,0,0,0,13.3167,1,0,1,72
3,25,5280,1,1,0,0,0,5.9,1,1,1,80
4,25,660,0,1,0,0,0,0.6333,0,1,1,58
4,25,435,1,1,0,0,0,1.05,0,0,1,72
5,25,770,0,1,0,0,1,8.1167,0,1,1,72
6,25,585,1,0,0,0,0,17.8833,1,0,1,72
6,25,585,0,0,0,0,0,18.7,1,0,1,72
7,25,20,0,1,0,0,1,20.3333,0,1,1,68
8,25,455,1,1,0,0,0,21.5333,0,0,1,65
8,25,590,1,1,0,1,0,19.3667,1,1,1,42
12,25,595,0,1,0,1,1,0,0,1,1,44
12,25,595,1,1,0,1,1,6.7333,0,1,0,44
13,25,40,0,0,0,0,0,20.1,1,0,1,72
15,25,1050,1,0,0,0,1,26.2333,0,0,1,72
15,25,455,1,0,0,0,0,6.8667,0,0,1,72
16,25,585,1,1,0,0,1,6.1833,0,0,1,26
17,25,590,0,1,0,0,0,18.2,0,1,1,24
1,26,20,1,1,0,0,0,3.0333,0,1,1,79
6,26,585,0,1,0,0,1,7.95,0,0,1,54
7,26,585,1,1,0,1,0,12.8,0,0,1,52
8,26,25,1,1,0,0,1,24.6,0,1,1,61
10,26,5,1,0,0,0,0,21.85,0,0,1,72
11,26,435,1,1,0,1,0,27.1167,0,0,1,68
11,26,20,1,1,0,0,1,1.3667,0,1,1,52
15,26,815,0,0,0,0,0,7.1667,0,0,1,72
16,26,595,1,1,0,0,0,1.7833,0,1,0,34
1,27,710,1,0,0,0,1,4.7833,0,0,1,72
1,27,1050,1,0,0,0,0,18.3833,0,0,1,72
2,27,815,1,0,0,0,1,15.7167,0,0,1,72
3,27,15,0,1,0,0,0,3.2167,0,1,1,90
5,27,770,0,1,0,0,0,0,0,1,1,72
5,27,1050,0,0,0,0,1,21,0,0,1,72
6,27,15,1,1,0,0,0,22.05,0,1,1,86
6,27,585,1,1,0,0,0,5.9333,0,0,1,54
6,27,10,1,1,0,0,0,9.9333,0,1,0,88
6,27,10,0,1,0,0,1,0,0,1,1,88
7,27,750,1,1,0,0,1,25.7667,0,1,1,68
8,27,10,1,0,0,0,0,10.5,0,0,1,72
9,27,1090,1,1,0,0,1,0,0,1,0,82
9,27,25,1,1,0,0,0,13.6,0,1,1,49
10,27,595,1,1,0,0,0,14.8333,0,1,1,37
11,27,40,0,0,0,0,0,5.5833,0,0,1,72
12,27,550,1,1,0,0,0,4.55,0,0,1,47
13,27,146,0,1,0,0,1,12.85,0,0,0,46
13,27,660,0,1,0,0,1,14.8833,0,1,1,50
15,27,20,1,1,0,0,0,26.1167,0,1,0,46
15,27,100,1,1,0,1,0,15.05,0,0,1,19
15,27,550,0,1,0,1,0,0.65,0,0,1,10
16,27,585,0,0,0,0,0,15.3167,0,0,0,72
16,27,435,1,1,1,0,1,25.3167,0,0,1,49
16,27,435,0,1,1,0,1,5.2833,0,0,1,49
17,27,15,1,1,0,0,0,0.4167,0,1,1,53
17,27,750,1,1,0,0,0,4.5667,0,1,1,31
17,27,595,1,1,1,0,1,9.9167,0,1,1,27
17,27,455,1,0,0,0,0,10.3833,0,0,1,72
1,28,138,1,1,0,0,0,13.55,0,1,1,73
1,28,5,0,0,0,0,0,0.65,0,0,1,72
1,28,100,1,1,0,0,0,15.5833,0,0,1,80
2,28,146,1,1,0,0,0,11.6833,0,0,1,71
4,28,15,0,1,0,0,0,0.3333,0,1,1,87
5,28,745,0,1,0,0,0,14.85,0,0,1,79
5,28,1090,0,1,0,0,0,18.65,0,1,1,85
7,28,455,1,1,0,0,0,3.0833,0,0,0,78
8,28,595,1,1,0,0,1,27.7,0,1,1,46
8,28,745,1,1,0,0,0,22.8167,0,0,1,71
9,28,65,0,1,0,0,0,11.5833,0,1,0,59
9,28,585,0,0,0,0,0,16.75,0,0,1,72
12,28,660,1,1,1,0,0,23.6,0,1,1,39
12,28,660,0,1,1,0,0,17.75,0,1,1,39
13,28,1090,1,1,0,0,1,0,0,1,1,77
14,28,590,0,1,0,0,1,9.8667,0,1,1,32
14,28,1090,1,1,0,0,0,3.0833,0,1,1,68
15,28,815,1,0,0,0,0,2.3333,0,0,1,72
15,28,550,1,1,0,1,1,21.8667,0,0,1,10
15,28,455,1,0,0,0,1,18.25,0,0,1,72
17,28,1050,1,0,0,0,0,1.8333,0,0,1,72
17,28,595,1,1,1,0,0,10.3,0,1,1,27
2,29,1090,1,1,0,0,0,17.5167,0,1,1,99
2,29,550,0,1,0,0,1,27.3,0,0,1,75
5,29,40,1,0,0,0,0,6.5833,0,0,1,72
6,29,750,0,1,0,0,0,1.2,0,1,1,68
7,29,750,0,1,0,0,1,9.0167,0,1,1,68
7,29,20,0,1,0,0,0,18.6667,1,1,0,74
8,29,770,0,1,0,0,1,13.4167,0,1,1,66
8,29,660,1,1,0,0,0,4.8667,0,1,1,46
9,29,100,0,1,0,1,0,17.4333,0,0,1,57
10,29,750,0,1,0,0,0,5.4667,0,1,1,54
10,29,146,0,1,0,0,0,0.5167,0,0,1,46
11,29,20,1,1,0,0,0,10.6167,0,1,1,52
11,29,585,1,0,0,0,1,23.5667,0,0,1,72
11,29,10,1,1,0,0,1,20.9167,0,1,0,74
11,29,745,0,1,1,0,0,0,0,0,1,38
12,29,5280,0,1,0,0,0,3.4,0,1,1,55
13,29,710,1,0,0,0,0,12.5667,0,0,1,72
15,29,5280,1,1,0,0,0,18.3167,0,1,1,56
3,30,5280,0,1,0,0,1,21.8167,0,1,0,80
4,30,435,1,1,0,0,0,20.6333,0,0,1,72
4,30,585,1,0,0,0,1,17.4333,0,0,1,72
5,30,10,0,0,0,0,0,17.5833,0,0,1,72
7,30,770,1,1,0,0,0,1.0667,0,1,1,65
7,30,20,0,1,0,0,0,5.45,0,1,1,74
8,30,10,1,0,0,0,0,22.0667,1,0,1,72
8,30,15,0,1,0,0,1,7.3,0,1,1,73
8,30,455,1,1,0,0,0,1.6833,0,0,0,65
11,30,455,1,0,0,0,0,3.4167,1,0,1,72
12,30,815,0,0,0,0,0,24.9833,0,0,1,72
12,30,146,1,1,0,0,1,23.7667,0,0,1,47
12,30,770,1,1,0,0,0,15.4,0,1,1,65
12,30,770,1,1,0,0,0,11.3,1,1,1,65
13,30,25,0,1,0,0,0,16.7,1,1,0,47
15,30,146,0,1,0,1,0,14.8167,0,0,1,22
16,30,585,0,1,0,0,0,24.65,0,0,1,26
17,30,146,0,1,0,1,0,7.0667,0,0,1,36
4,31,435,0,1,0,0,0,11.2,0,0,1,72
5,31,1050,1,0,0,0,0,1.2333,0,0,1,72
5,31,660,0,1,0,0,1,26.1667,0,1,1,70
6,31,138,0,1,0,0,0,2.4,0,1,1,66
8,31,660,0,1,0,0,0,1.1667,0,1,1,46
8,31,745,0,1,0,0,0,0.2833,0,0,1,71
9,31,25,0,1,0,0,0,1.1,0,1,1,49
10,31,5280,0,1,0,0,0,17.2333,0,1,1,65
12,31,10,0,1,0,0,0,10.0667,0,1,1,75
13,31,20,0,1,0,0,1,11.45,0,1,1,60
15,31,138,1,1,0,1,1,6,0,1,0,26
1,32,710,0,0,0,0,0,25.7667,0,0,1,72
2,32,585,0,1,0,0,0,27.6,0,0,1,55
2,32,595,0,1,0,0,0,0.35,0,1,1,66
3,32,770,0,1,0,0,0,5.75,0,1,0,80
3,32,590,0,1,0,0,0,3.35,0,1,1,56
4,32,745,1,1,0,0,1,9.0667,0,0,1,64
4,32,585,1,0,0,0,1,1.2,0,0,1,72
5,32,65,0,1,0,0,0,15.9667,0,1,1,75
5,32,1050,1,0,0,0,1,9.7,0,0,1,72
5,32,40,1,0,0,0,0,14.1833,0,0,1,72
5,32,25,0,1,0,0,1,25.8667,0,1,1,69
5,32,660,1,1,0,0,1,0.3,0,1,1,70
6,32,20,1,1,0,0,0,21.05,0,1,1,82
6,32,585,1,1,0,0,0,0.4333,0,0,1,54
7,32,710,1,0,0,0,1,20.8833,0,0,1,72
9,32,100,0,1,0,1,0,22.95,0,0,0,57
9,32,10,0,1,0,0,1,14.8667,0,1,1,82
10,32,1050,1,0,0,0,1,26.2333,0,0,1,72
10,32,65,1,1,0,0,0,6.6167,0,1,0,64
10,32,5,0,0,0,0,0,15.9333,0,0,1,72
10,32,10,1,0,0,0,1,1.45,0,0,1,72
11,32,1090,0,1,0,0,0,19.5667,0,1,0,75
12,32,5280,0,1,0,0,0,23.1167,0,1,1,55
12,32,5280,1,1,0,0,1,0.0333,0,1,1,55
12,32,146,0,1,0,0,0,18.6333,0,0,0,47
14,32,10,0,0,0,0,0,6.9833,0,0,0,72
16,32,745,1,1,0,0,1,11.6333,0,0,1,38
16,32,745,1,1,0,0,0,7.8667,0,0,1,38
17,32,1050,0,0,0,0,0,3.6,0,0,1,72
17,32,455,1,0,0,0,0,15,0,0,0,72
2,33,815,0,0,0,0,1,16.7833,0,0,1,72
3,33,5,0,0,0,0,1,7.0333,0,0,1,72
4,33,745,0,1,0,0,0,5.8,0,0,1,64
5,33,1050,1,0,0,0,0,4.0833,0,0,1,72
5,33,660,0,1,0,0,1,0.0833,0,1,1,70
6,33,15,1,1,0,0,1,3.6333,0,1,1,86
6,33,585,0,1,0,0,0,15.35,0,0,0,54
10,33,710,0,0,0,0,0,3.8667,0,0,1,72
10,33,20,1,1,0,0,1,24.6167,0,1,1,64
11,33,40,0,0,0,0,1,18.2833,0,0,1,72
12,33,10,0,1,0,0,0,2.8833,0,1,1,75
13,33,10,0,0,0,0,0,0.65,0,0,1,72
13,33,660,0,1,0,0,1,22.7833,0,1,1,50
15,33,10,1,1,0,0,1,24.5167,0,1,1,69
15,33,10,1,1,0,0,0,16.5,0,1,1,69
16,33,710,0,0,0,0,1,1.9833,0,0,1,72
16,33,585,1,0,0,0,0,24.65,0,0,1,72
17,33,585,0,1,1,0,0,1.8333,0,0,1,26
17,33,15,0,1,0,0,0,5.0333,0,1,1,53
17,33,590,0,1,0,0,0,5.05,0,1,1,24
17,33,455,0,0,0,0,1,22.7333,0,0,1,72
2,34,585,0,1,0,0,1,9.15,0,0,1,55
3,34,146,0,1,0,0,0,1.2167,0,0,1,72
3,34,65,0,1,0,0,1,25.1167,0,1,0,67
3,34,770,0,1,0,0,0,16.3,0,1,1,80
5,34,1050,1,0,0,0,1,18.6,0,0,1,72
5,34,25,0,1,0,0,0,18.4333,0,1,1,69
5,34,5,1,0,0,0,1,25.7833,0,0,1,72
6,34,15,0,1,0,0,1,22.2667,0,1,1,86
11,34,40,1,0,0,0,0,0,0,0,1,72
11,34,40,1,0,0,0,0,11.4333,0,0,1,72
11,34,585,1,0,0,0,1,0.2167,0,0,0,72
11,34,20,0,1,0,0,0,3.9667,0,1,1,69
13,34,435,0,1,0,1,0,1.8333,0,0,1,66
14,34,146,1,1,0,0,1,26.0167,0,0,1,51
15,34,146,0,1,0,1,1,12.3,0,0,1,22
16,34,770,0,1,0,0,0,0.1167,0,1,1,55
17,34,750,0,1,0,0,0,13.5833,0,1,1,31
17,34,146,0,1,0,1,0,14.9333,0,0,0,33
17,34,20,1,1,0,0,1,0,0,1,1,42
3,35,585,1,1,1,0,1,22.8333,0,0,1,62
4,35,745,1,1,0,0,0,1.9333,0,0,1,64
5,35,550,0,1,0,1,1,10.05,0,0,1,69
6,35,100,1,1,0,0,1,0,0,0,1,68
8,35,5280,0,1,1,0,1,9.7667,0,1,0,34
10,35,5,1,0,0,0,1,3.85,0,0,1,72
12,35,5280,1,1,0,0,0,0.25,0,1,1,55
12,35,146,1,1,0,0,0,22.8833,0,0,1,47
13,35,40,0,0,0,0,0,12.1333,0,0,1,72
13,35,65,1,1,0,0,0,10.6667,0,1,1,61
16,35,660,1,1,0,0,0,10.05,0,1,1,32
16,35,100,0,1,0,0,0,22.0333,0,0,1,39
16,35,435,1,1,1,0,1,0,0,0,1,49
17,35,710,1,0,0,0,1,10.3667,0,0,0,72
1,36,20,1,1,0,0,0,7.25,0,1,0,79
2,36,146,0,1,0,0,0,6.6167,0,0,0,71
4,36,1050,1,0,1,0,0,23.3833,0,0,1,72
5,36,550,0,1,0,1,0,21,0,0,1,69
6,36,146,0,1,0,0,0,24.1,0,0,1,67
6,36,750,0,1,0,0,1,0.0333,0,1,1,68
7,36,15,1,1,0,0,0,19.6,0,1,1,78
8,36,745,1,1,0,0,1,11.4667,0,0,0,71
9,36,550,0,1,0,0,1,0.15,0,0,1,55
9,36,745,1,1,0,1,0,12.5333,0,0,1,51
10,36,20,0,1,0,0,1,10.0667,0,1,1,64
10,36,815,1,0,0,0,1,16.7833,0,0,1,72
10,36,435,0,1,0,1,1,28.2833,0,0,1,61
11,36,10,1,1,0,0,1,0.2333,0,1,1,74
12,36,138,0,1,0,0,0,5.1,0,1,1,44
13,36,20,1,1,0,0,1,19.4167,0,1,1,60
14,36,585,1,0,0,0,0,14.6167,0,0,1,72
15,36,20,0,1,0,0,0,19.7833,0,1,1,72
15,36,146,0,1,0,1,1,23.9167,0,0,0,22
15,36,146,1,1,0,1,1,16.75,0,0,1,22
15,36,5280,0,1,0,0,0,1.25,0,1,1,56
15,36,40,0,0,0,0,1,1.7333,0,0,1,72
1,37,5280,1,1,0,0,0,10.3833,0,1,1,91
3,37,15,0,1,0,0,1,5.8,0,1,1,90
3,37,590,0,1,0,0,0,5.7667,0,1,1,56
3,37,10,1,1,0,0,1,23.1333,0,1,1,91
4,37,1050,1,0,1,0,1,23.5,0,0,1,72
4,37,1050,0,0,1,0,1,15.3833,0,0,1,72
4,37,660,1,1,0,0,1,24.45,0,1,0,58
5,37,65,0,1,0,0,1,26.5667,0,1,1,75
6,37,138,0,1,0,0,0,10.8167,0,1,1,66
8,37,770,1,1,0,0,0,12.6833,0,1,1,66
8,37,590,1,1,0,1,1,0.2,0,1,0,42
9,37,550,1,1,0,0,1,1.1333,0,0,1,55
9,37,65,1,1,0,0,1,20.9667,0,1,0,59
10,37,710,1,0,0,0,0,25.4,0,0,1,72
10,37,660,0,1,0,0,0,14.9167,0,1,1,38
10,37,435,1,1,0,1,0,4.75,0,0,1,61
11,37,435,1,1,0,1,0,17.3667,0,0,1,68
12,37,770,1,1,0,0,0,0,0,1,0,65
13,37,146,0,1,0,0,1,0.1167,0,0,1,46
13,37,435,0,1,0,1,0,0.0667,0,0,1,66
14,37,435,1,1,0,0,1,0,0,0,1,53
15,37,20,0,1,0,0,1,18.8167,0,1,0,72
15,37,550,1,1,0,1,0,11.6833,0,0,1,10
15,37,455,1,0,0,0,0,0,0,0,1,72
16,37,660,1,1,0,0,0,7.2833,0,1,1,32
16,37,100,0,1,0,0,1,28.2167,0,0,1,39
16,37,100,0,1,0,0,0,6.3167,0,0,1,39
16,37,750,1,1,0,0,0,14.8667,0,1,0,37
17,37,595,1,1,1,0,0,1.15,0,1,0,27
1,38,5280,1,1,0,0,0,2.9333,0,1,0,91
1,38,5280,1,1,0,0,0,0.0333,0,1,1,91
2,38,595,0,1,0,0,0,21.35,0,1,1,66
3,38,10,0,0,0,0,1,14.9167,0,0,0,72
3,38,10,1,0,0,0,0,0,0,0,1,72
3,38,585,1,1,1,0,0,4.45,0,0,1,62
5,38,25,1,1,0,0,1,22.0833,0,1,1,69
5,38,660,0,1,0,0,1,15.8333,0,1,1,70
5,38,660,1,1,0,0,1,3.8167,0,1,1,70
6,38,585,0,0,0,0,0,5.8167,0,0,1,72
6,38,585,1,1,0,0,1,20.7667,0,0,1,54
6,38,815,1,0,0,0,1,14.8667,0,0,1,72
8,38,455,0,1,0,0,0,12.9167,0,0,1,65
8,38,745,1,1,0,0,0,14.8333,0,0,1,71
9,38,550,0,1,0,0,1,23.9167,0,0,1,55
9,38,585,1,0,0,0,0,9.6667,0,0,1,72
10,38,710,0,0,0,0,0,1.9333,0,0,0,72
10,38,750,1,1,0,0,0,0.0167,0,1,1,54
11,38,585,1,1,0,1,1,17.85,0,0,1,31
11,38,745,1,1,1,0,0,23.5333,0,0,1,38
13,38,10,0,0,0,0,0,11.0167,0,0,1,72
13,38,585,0,0,0,0,0,7.8833,0,0,0,72
14,38,770,1,1,0,0,1,0.1333,0,1,1,64
15,38,100,1,1,0,1,1,3,0,0,1,19
16,38,585,1,0,0,0,1,24.4667,0,0,1,72
16,38,65,0,1,0,0,0,6.7,0,1,1,49
17,38,550,0,1,1,0,0,11.1333,0,0,0,23
17,38,455,1,0,0,0,0,7.0167,0,0,1,72
3,39,585,0,1,1,0,1,8.0167,0,0,0,62
3,39,770,0,1,0,0,0,6.6667,0,1,0,80
3,39,815,0,0,0,0,0,7.2,0,0,1,72
3,39,10,1,1,0,0,0,24.6333,0,1,1,91
8,39,595,0,1,0,0,0,17.1833,0,1,1,46
8,39,25,0,1,0,0,1,9.9833,0,1,1,61
8,39,25,1,1,0,0,1,0.0667,0,1,1,61
8,39,15,1,1,0,0,1,1.7333,0,1,0,73
8,39,745,1,1,0,0,1,25.5333,0,0,0,71
9,39,40,1,0,0,0,0,0.35,0,0,1,72
10,39,65,0,1,0,0,1,19.65,0,1,1,64
10,39,710,0,0,0,0,1,16.9333,0,0,1,72
10,39,20,1,1,0,0,0,21.3333,0,1,1,64
11,39,1090,1,1,0,0,0,0.0167,0,1,1,75
11,39,100,1,1,0,0,0,5.4333,0,0,1,34
12,39,25,0,1,0,0,1,25.8667,0,1,1,49
12,39,595,1,1,0,1,1,24.2167,0,1,1,44
13,39,5,1,0,0,0,0,28.4,0,0,1,72
13,39,20,1,1,0,0,1,3.3167,0,1,1,60
13,39,585,1,0,0,0,0,0.5833,0,0,1,72
14,39,138,1,1,0,0,1,14.9333,0,1,1,36
15,39,550,1,1,0,1,0,19.7833,0,0,1,10
16,39,710,1,0,0,0,0,9.3333,0,0,0,72
16,39,710,0,0,0,0,1,0.35,0,0,0,72
17,39,585,0,1,1,0,1,13.4333,0,0,1,26
17,39,15,0,1,0,0,0,15.1667,0,1,1,53
17,39,1050,0,0,0,0,1,12.6333,0,0,1,72
17,39,1090,0,1,0,0,0,17.7,0,1,1,61
2,40,40,0,0,0,0,0,0.2333,0,0,1,72
2,40,815,0,0,0,0,1,1.4667,0,0,0,72
3,40,15,1,1,0,0,0,19.6333,0,1,1,90
3,40,10,0,1,0,0,0,2.4,0,1,1,91
4,40,745,0,1,0,0,0,20.8833,0,0,1,64
6,40,100,1,1,0,0,1,17.5333,0,0,1,68
7,40,146,0,1,0,0,0,10.4167,0,0,1,57
7,40,20,1,1,0,0,0,8.75,0,1,1,68
7,40,455,0,1,0,0,0,0,0,0,1,78
9,40,1050,1,0,0,0,0,17.8333,0,0,1,72
10,40,595,1,1,0,0,1,24.6,0,1,1,37
10,40,595,0,1,0,0,1,2.6667,0,1,1,37
11,40,40,1,0,0,0,0,24.45,0,0,1,72
12,40,1050,1,0,0,0,0,0,0,0,0,72
12,40,815,0,0,0,0,0,0.8833,0,0,0,72
13,40,585,1,0,0,0,0,10.2167,0,0,0,72
14,40,65,1,1,0,0,0,14.1833,0,1,1,58
16,40,435,0,1,1,0,1,14.9333,0,0,0,49
17,40,595,1,1,1,0,0,18.6667,0,1,0,27
1,41,1050,0,0,0,0,0,16.2833,0,0,1,72
3,41,585,0,0,0,0,0,0.2833,0,0,1,72
3,41,40,1,0,0,0,0,1.75,0,0,0,72
4,41,550,0,1,0,0,0,21.4,0,0,1,66
9,41,40,1,0,0,0,1,1.4167,0,0,1,72
10,41,10,1,0,0,0,0,13.55,0,0,1,72
12,41,138,1,1,0,0,1,25.4167,0,1,1,44
13,41,10,0,0,0,0,0,6.25,0,0,1,72
13,41,25,0,1,0,0,0,8.0333,0,1,0,47
13,41,20,1,1,0,0,1,3.95,0,1,0,60
1,42,710,1,0,0,0,0,6.2667,0,0,0,72
2,42,750,1,1,0,0,0,20.4,0,1,1,73
2,42,40,0,0,0,0,0,0.0333,0,0,1,72
2,42,550,1,1,0,0,1,24.85,0,0,1,75
3,42,815,1,0,0,0,0,17.2333,0,0,1,72
5,42,5,0,0,0,0,0,7.4,0,0,1,72
7,42,590,1,1,0,0,1,20.7,0,1,1,45
8,42,138,1,1,0,0,0,18.9833,0,1,0,72
9,42,710,0,0,0,0,1,26.4333,0,0,1,72
10,42,1050,1,0,0,0,0,0.0167,0,0,0,72
10,42,5,1,0,0,0,0,3.3,0,0,1,72
10,42,435,1,1,0,1,0,1.7,0,0,1,61
12,42,146,0,1,0,0,0,0,0,0,0,47
12,42,770,1,1,0,0,0,22.0333,0,1,1,65
13,42,10,1,0,0,0,0,21.05,0,0,1,72
13,42,25,1,1,0,0,1,20.0167,0,1,0,47
14,42,10,1,1,0,0,1,23.35,0,1,1,78
14,42,815,1,0,0,0,0,14.75,0,0,1,72
15,42,146,1,1,0,1,0,1.1833,0,0,1,22
15,42,100,1,1,0,1,1,23.8333,0,0,1,19
15,42,550,1,1,0,1,0,5.3667,0,0,0,10
16,42,660,1,1,0,0,0,26.25,0,1,1,32
16,42,710,1,0,0,0,0,13.2667,0,0,1,72
17,42,455,1,0,0,0,1,27.3167,0,0,1,72
17,42,20,1,1,0,0,1,26.3,0,1,1,42
17,42,25,0,1,0,0,1,23.9,0,1,1,35
17,42,146,1,1,0,1,0,21.8333,0,0,0,36
2,43,660,1,1,0,1,1,14.1833,0,1,1,60
2,43,40,1,0,0,0,0,22.3333,0,0,1,72
3,43,65,0,1,0,0,1,2.3,0,1,1,67
3,43,100,1,1,1,0,0,7.4833,0,0,0,65
3,43,15,1,1,0,0,1,10.15,0,1,1,90
4,43,745,0,1,0,0,0,0,0,0,1,64
5,43,660,1,1,0,0,1,11.55,0,1,0,70
6,43,100,1,1,0,0,0,11.1167,0,0,1,68
7,43,770,1,1,0,0,0,21.1167,0,1,0,65
7,43,15,0,1,0,0,0,0,0,1,1,78
7,43,590,1,1,0,0,0,6.8333,0,1,1,45
9,43,65,0,1,0,0,0,1.8667,0,1,0,59
11,43,455,0,0,0,0,1,16.9833,0,0,0,72
11,43,1090,0,1,0,0,1,26.8667,0,1,1,75
11,43,585,0,0,0,0,0,1.5167,0,0,0,72
12,43,595,0,1,0,1,1,10.1333,0,1,0,44
13,43,585,0,1,1,0,0,27.05,0,0,1,33
14,43,138,1,1,0,0,0,8.7167,0,1,0,36
14,43,815,1,0,0,0,0,3.5167,0,0,0,72
15,43,770,1,1,0,0,0,2.3667,0,1,1,34
16,43,745,1,1,0,0,1,26.3833,0,0,0,38
16,43,710,0,0,0,0,1,0.05,0,0,1,72
1,44,710,0,0,0,0,1,0.9167,0,0,1,72
6,44,15,0,1,0,0,0,18.85,0,1,1,86
6,44,815,0,0,0,0,1,6.6667,0,0,1,72
8,44,146,0,1,0,0,0,7.4,0,0,1,59
9,44,550,0,1,0,0,0,19.9667,0,0,1,55
10,44,595,1,1,0,0,0,3.8833,0,1,0,37
10,44,1050,1,0,0,0,0,3.6167,0,0,0,72
10,44,660,0,1,0,0,0,15.1,0,1,1,38
11,44,585,0,1,0,1,1,15.3333,0,0,0,31
11,44,1090,1,1,0,0,0,28.8333,0,1,1,75
11,44,100,0,1,0,0,0,14.7667,0,0,1,34
13,44,660,1,1,0,0,0,9.3667,0,1,1,50
14,44,1090,1,1,0,0,1,13.5333,0,1,1,68
15,44,20,0,1,0,0,0,18.3833,0,1,1,46
16,44,5,1,0,0,0,0,26.3333,0,0,0,72
17,44,585,1,1,1,0,0,27.1833,0,0,1,26
17,44,550,1,1,1,0,1,21.2667,0,0,1,23
17,44,710,1,0,0,0,1,15.85,0,0,0,72
2,45,435,1,1,0,0,0,11.1167,0,0,1,84
3,45,770,1,1,0,0,0,0,0,1,1,80
4,45,20,1,1,0,0,0,5,0,1,1,76
4,45,455,1,1,0,0,0,18.5833,0,0,1,62
5,45,550,1,1,0,1,1,0.0333,0,0,0,69
6,45,15,0,1,0,0,0,2.25,0,1,1,86
7,45,146,0,1,0,0,0,23.1167,0,0,0,57
7,45,455,0,1,0,0,0,11.9667,0,0,1,78
8,45,770,1,1,0,0,1,4.8667,0,1,1,66
11,45,5,0,0,0,0,1,20.05,0,0,0,72
11,45,20,1,1,0,0,0,1.0667,0,1,0,69
13,45,1090,1,1,0,0,1,0,0,1,0,77
13,45,5,1,0,0,0,0,0.1333,0,0,1,72
14,45,10,1,0,0,0,0,3.9167,0,0,1,72
15,45,15,0,1,0,0,1,19.2833,0,1,0,51
15,45,15,0,1,0,0,1,0.0833,0,1,0,51
16,45,435,1,1,1,0,0,19.7167,0,0,1,49
17,45,15,0,1,0,0,0,9.3667,0,1,1,53
1,46,10,0,0,0,0,0,10.4167,0,0,1,72
3,46,5,0,0,0,0,0,22.3667,0,0,1,72
5,46,65,1,1,0,0,0,22.9833,0,1,1,75
5,46,25,1,1,0,0,1,6.1167,0,1,1,69
6,46,100,0,1,0,0,1,0.8667,0,0,1,68
7,46,710,1,0,0,0,0,2.8833,0,0,1,72
7,46,710,0,0,0,0,1,0.7667,0,0,0,72
9,46,710,1,0,0,0,1,21.7,0,0,1,72
10,46,595,0,1,0,0,0,19.2833,0,1,1,37
10,46,815,0,0,0,0,0,0.1167,0,0,1,72
12,46,660,1,1,1,0,1,26.4833,0,1,1,39
14,46,65,1,1,0,0,0,9.7167,0,1,0,58
14,46,1090,0,1,0,0,1,8.0167,0,1,0,68
15,46,5280,1,1,0,0,0,5,0,1,1,56
1,47,710,0,0,0,0,1,0,0,0,1,72
4,47,20,0,1,0,0,1,20.6333,0,1,0,64
4,47,585,0,0,0,0,1,24.05,0,0,0,72
5,47,660,1,1,0,0,1,21.9833,0,1,1,70
6,47,100,0,1,0,0,0,15.7333,0,0,0,68
6,47,15,1,1,0,0,1,13.5167,0,1,0,86
7,47,5,1,0,0,0,0,20.3333,0,0,0,72
8,47,595,1,1,0,0,0,4.6,0,1,1,46
10,47,1050,1,0,0,0,0,14.1667,0,0,1,72
10,47,65,0,1,0,0,0,5.6833,0,1,1,64
11,47,20,0,1,0,0,1,12.2167,0,1,1,69
11,47,10,0,1,0,0,0,2.7,0,1,1,74
13,47,20,1,1,0,0,1,0.05,0,1,0,60
14,47,5280,0,1,0,0,1,21.5833,0,1,1,51
14,47,770,0,1,0,0,0,15.8333,0,1,1,64
14,47,10,1,0,0,0,0,0,0,0,1,72
14,47,435,0,1,0,0,0,3.5,0,0,1,53
14,47,1090,0,1,0,0,0,19.7667,0,1,0,68
15,47,146,0,1,0,1,0,22.9333,0,0,0,22
15,47,40,1,0,0,0,0,15.25,0,0,1,72
15,47,15,1,1,0,0,1,0,0,1,1,51
16,47,100,0,1,0,0,1,1.9167,0,0,0,39
17,47,590,1,1,0,0,0,13.4333,0,1,1,24
2,48,550,1,1,0,0,0,18.2833,0,0,0,75
3,48,146,1,1,0,0,0,0.0833,0,0,1,72
3,48,815,1,0,0,0,0,2,0,0,0,72
4,48,660,0,1,0,0,0,26.4333,0,1,0,58
5,48,1090,1,1,0,0,0,14.3833,0,1,1,85
5,48,10,1,0,0,0,1,7.2167,0,0,0,72
7,48,455,0,1,0,0,0,22.45,0,0,0,78
8,48,146,0,1,0,0,0,0.0333,0,0,1,59
8,48,10,1,0,0,0,0,4.7333,0,0,1,72
11,48,100,0,1,0,0,0,16.9,0,0,1,34
11,48,20,0,1,0,0,0,3.2833,0,1,1,69
12,48,25,1,1,0,0,0,12.3167,0,1,1,49
13,48,590,0,1,0,0,0,23.5167,0,1,1,34
13,48,40,0,0,0,0,0,12.35,0,0,0,72
13,48,585,1,1,1,0,1,1.8333,0,0,1,33
14,48,770,1,1,0,0,1,14.1167,0,1,0,64
16,48,100,1,1,0,0,0,20.4333,0,0,0,39
17,48,455,0,0,0,0,0,0,0,0,1,72
1,49,10,1,0,0,0,1,25.9333,0,0,1,72
1,49,10,0,0,0,0,0,0,0,0,1,72
3,49,10,0,0,0,0,1,1.3,0,0,0,72
4,49,20,0,1,0,0,1,11.1167,0,1,1,64
6,49,595,0,1,0,0,0,0.05,0,1,1,54
6,49,10,1,1,0,0,1,0.1,0,1,0,88
6,49,750,1,1,0,0,1,12.3167,0,1,1,68
7,49,20,1,1,0,0,0,3.9667,0,1,1,68
8,49,25,1,1,0,0,1,0,0,1,0,61
15,49,40,0,0,0,0,0,0.4333,0,0,0,72
16,49,750,0,1,0,0,0,19.6167,0,1,1,37
16,49,40,1,0,0,0,1,19.9167,0,0,1,72
4,50,146,1,1,0,0,0,0,0,0,1,61
6,50,146,0,1,0,0,1,0.3833,0,0,0,67
6,50,815,0,0,0,0,1,10.0833,0,0,1,72
7,50,585,1,1,0,1,1,18.5667,0,0,0,52
7,50,770,0,1,0,0,1,4.2833,0,1,1,65
9,50,585,0,0,0,0,0,23.8,0,0,1,72
9,50,40,1,0,0,0,0,12.3333,0,0,0,72
10,50,660,1,1,0,0,0,12.1333,0,1,0,38
10,50,815,0,0,0,0,1,7.45,0,0,1,72
11,50,585,0,1,0,1,0,0.0833,0,0,1,31
11,50,20,1,1,0,0,0,0,0,1,1,52
12,50,550,0,1,0,0,0,22.0667,0,0,1,47
13,50,10,0,0,0,0,0,19.0667,0,0,0,72
13,50,25,1,1,0,0,0,0.35,0,1,0,47
15,50,815,1,0,0,0,0,3.2167,0,0,0,72
15,50,455,0,0,0,0,0,1.1,0,0,0,72
16,50,585,0,1,0,0,0,5.7167,0,0,1,26
16,50,595,0,1,0,0,0,7.4833,0,1,1,34
17,50,710,0,0,0,0,1,2.3833,0,0,0,72
1,51,10,0,1,0,0,1,19.7833,0,1,0,94
1,51,25,0,1,0,0,1,20.15,0,1,0,82
1,51,1050,1,0,0,0,1,1.6833,0,0,1,72
2,51,1090,0,1,0,0,1,24.2667,0,1,0,99
6,51,138,1,1,0,0,0,16.6667,0,1,1,66
6,51,585,1,1,0,0,0,22.2667,0,0,1,54
6,51,10,1,1,0,0,0,0.2833,0,1,1,88
7,51,710,0,0,0,0,1,7.65,0,0,1,72
7,51,15,0,1,0,0,1,28.2833,0,1,1,78
7,51,15,1,1,0,0,1,0,0,1,1,78
8,51,590,1,1,0,1,0,8.9667,0,1,0,42
14,51,1090,0,1,0,0,0,0.25,0,1,1,68
15,51,455,1,0,0,0,0,19.5667,0,0,1,72
15,51,15,0,1,0,0,1,4.2167,0,1,1,51
17,51,550,1,1,1,0,1,0,0,0,1,23
1,52,5280,1,1,0,0,0,14.9167,0,1,1,91
2,52,585,0,1,0,0,0,4.95,0,0,1,55
2,52,146,0,1,0,0,1,0,0,0,1,71
3,52,10,1,1,0,0,0,22.3833,0,1,0,91
4,52,20,0,1,0,0,0,26.3167,0,1,1,76
5,52,40,1,0,0,0,1,0,0,0,0,72
5,52,10,0,0,0,0,0,0.3333,0,0,0,72
7,52,5,1,0,0,0,0,4.4,0,0,0,72
9,52,25,1,1,0,0,0,0.0833,0,1,1,49
10,52,5,0,0,0,0,0,2.5833,0,0,0,72
11,52,100,1,1,0,0,0,14.8333,0,0,0,34
12,52,25,0,1,0,0,0,11.8,0,1,0,49
12,52,595,1,1,0,1,1,3.7667,0,1,0,44
3,53,10,1,0,0,0,1,4.5,0,0,0,72
5,53,40,1,0,0,0,0,0.05,0,0,1,72
6,53,15,1,1,0,0,1,0.4833,0,1,1,86
6,53,20,1,1,0,0,0,0.5333,0,1,1,82
7,53,15,0,1,0,0,1,0,0,1,0,78
10,53,5280,1,1,0,0,0,6.3667,0,1,1,65
14,53,585,0,0,0,0,0,3.2,0,0,0,72
16,53,40,1,0,0,0,0,0.05,0,0,1,72
17,53,146,0,1,0,1,0,17.05,0,0,0,33
2,54,138,0,1,0,1,0,10.5333,0,1,0,67
5,54,1050,1,0,0,0,0,11.2,0,0,1,72
7,54,5,0,0,0,0,0,23.95,0,0,0,72
7,54,20,1,1,0,0,1,0,0,1,0,68
10,54,5280,0,1,0,0,0,24.9667,0,1,0,65
16,54,455,1,0,0,0,0,0,0,0,0,72
17,54,710,0,0,0,0,1,25.45,0,0,0,72
11,55,10,0,1,0,0,1,0,0,1,1,74
15,55,1050,1,0,0,0,0,0.0833,0,0,1,72
17,55,710,0,0,0,0,0,0,0,0,0,72
13,56,40,0,0,0,0,1,25.4333,0,0,1,72
17,59,1050,1,0,0,0,0,0.1333,0,0,1,72
9,62,100,0,1,0,1,0,0,0,0,0,57
9,63,550,1,1,0,0,1,0,0,0,0,55
15,66,5280,1,1,0,0,0,0,0,1,0,56
