"week","distance","change","elap30","PAT","type","field","wind","good","date","kicker"
1,21,1,24.7167,0,1,1,0,1,90395,"BAHR"
1,21,0,15.85,0,1,1,0,1,90395,"BAHR"
1,20,0,0.45,1,1,1,0,1,90395,"STOVER"
1,28,0,13.55,0,1,1,0,1,90395,"BAHR"
1,20,0,21.8667,1,0,0,0,1,90395,"COFER"
1,25,0,17.6833,0,0,0,0,1,90395,"PELFREY"
1,20,0,12.6833,1,0,0,0,1,90395,"PELFREY"
1,27,1,4.7833,0,0,0,0,1,90395,"COFER"
1,44,1,0.9167,0,0,0,0,1,90395,"PELFREY"
1,32,0,25.7667,0,0,0,0,1,90395,"PELFREY"
1,42,0,6.2667,0,0,0,0,0,90395,"COFER"
1,47,1,0,0,0,0,0,1,90395,"PELFREY"
1,51,1,19.7833,0,1,1,0,0,90395,"LOWERY"
1,20,0,29.1833,1,1,1,0,1,90395,"STOYANOV"
1,20,0,12.5167,1,1,1,0,1,90395,"STOYANOV"
1,20,0,10.85,1,1,1,0,1,90395,"LOWERY"
1,20,1,1.8,1,1,1,0,1,90395,"LOWERY"
1,20,0,0.0667,1,1,1,0,1,90395,"STOYANOV"
1,20,0,21.0833,1,1,1,0,1,90395,"STOYANOV"
1,20,0,19.0333,1,1,1,0,1,90395,"STOYANOV"
1,20,0,15.75,1,1,1,0,1,90395,"STOYANOV"
1,25,0,6.7167,0,1,1,0,1,90395,"STOYANOV"
1,20,0,1.9333,1,1,1,0,1,90395,"STOYANOV"
1,20,0,11.45,1,0,0,0,1,90395,"BRIEN"
1,28,0,0.65,0,0,0,0,1,90395,"BRIEN"
1,21,1,22.4667,0,1,0,0,1,90395,"ANDERSON"
1,20,0,22.15,1,1,0,0,1,90395,"HUSTED"
1,28,0,15.5833,0,1,0,0,1,90395,"ANDERSON"
1,20,0,12.1167,1,1,0,0,1,90395,"HUSTED"
1,20,0,4.0167,1,1,0,0,1,90395,"HUSTED"
1,51,1,20.15,0,1,1,0,0,90395,"G_DAVIS"
1,20,0,19.9333,1,1,1,0,1,90395,"MURRAY"
1,20,0,14.1833,1,1,1,0,1,90395,"G_DAVIS"
1,22,0,19.6,0,1,1,0,1,90395,"MURRAY"
1,20,0,16.5833,1,1,1,0,1,90395,"MURRAY"
1,20,0,5.3833,1,1,1,0,1,90395,"MURRAY"
1,20,0,23.7167,1,1,1,0,1,90395,"CHRISTIE"
1,52,0,14.9167,0,1,1,0,1,90395,"ELAM"
1,20,1,8.4167,0,1,1,0,1,90395,"ELAM"
1,38,0,2.9333,0,1,1,0,0,90395,"ELAM"
1,38,0,0.0333,0,1,1,0,1,90395,"ELAM"
1,37,0,10.3833,0,1,1,0,1,90395,"ELAM"
1,20,0,3.3667,1,1,1,0,1,90395,"ELAM"
1,20,0,24.0333,1,0,0,0,1,90395,"KASAY"
1,27,0,18.3833,0,0,0,0,1,90395,"ANDERSEN"
1,41,0,16.2833,0,0,0,0,1,90395,"KASAY"
1,20,0,7.1833,1,0,0,0,1,90395,"ANDERSEN"
1,51,1,1.6833,0,0,0,0,1,90395,"ANDERSEN"
1,20,0,24.9833,1,0,0,0,1,90395,"ANDERSEN"
1,20,1,0.4333,1,0,0,0,1,90395,"KASAY"
1,20,0,19.0167,1,1,1,0,1,90395,"MCLAUGLI"
1,20,1,23.2167,1,1,1,0,1,90395,"JACKE"
1,20,0,18.0333,1,1,1,0,1,90395,"MCLAUGLI"
1,49,1,25.9333,0,0,0,0,1,90395,"PETERSON"
1,20,0,19,1,0,0,0,1,90395,"ELLIOTT"
1,46,0,10.4167,0,0,0,0,1,90395,"ELLIOTT"
1,20,0,6.6667,1,0,0,0,1,90395,"ELLIOTT"
1,49,0,0,0,0,0,0,1,90395,"ELLIOTT"
1,20,0,21.3,1,0,0,0,1,90395,"ELLIOTT"
1,20,0,2.8667,1,0,0,0,1,90395,"PETERSON"
1,20,0,19.0667,1,1,1,0,1,90395,"REVEIZ"
1,20,1,18.7167,1,1,1,0,1,90395,"BUTLER"
1,20,0,6.5167,1,1,1,0,1,90395,"REVEIZ"
1,20,1,1.2,1,1,1,0,1,90395,"BUTLER"
1,21,0,3.6,0,1,1,0,1,90395,"BUTLER"
1,20,0,21.7167,1,1,1,0,1,90395,"DELGRECO"
1,36,0,7.25,0,1,1,0,0,90395,"HOLLIS"
1,19,0,24.6333,0,1,1,0,1,90395,"DELGRECO"
1,26,0,3.0333,0,1,1,0,1,90395,"HOLLIS"
1,20,0,26.9333,1,1,0,0,1,90495,"BONIOL"
1,20,0,11.9667,1,1,0,0,1,90495,"BONIOL"
1,20,0,26.05,1,1,0,0,1,90495,"BONIOL"
1,20,0,12.55,1,1,0,0,1,90495,"BONIOL"
2,42,0,20.4,0,1,1,0,1,91095,"ELLIOTT"
2,20,0,10.9333,1,1,1,0,1,91095,"DALUISO"
2,20,1,1.3667,1,1,1,0,1,91095,"ELLIOTT"
2,23,1,0,0,1,1,0,1,91095,"ELLIOTT"
2,43,1,14.1833,0,1,1,1,1,91095,"STOVER"
2,23,0,10.7833,0,1,1,1,1,91095,"STOVER"
2,20,0,0.2667,1,1,1,1,1,91095,"STOVER"
2,20,0,7.0833,0,1,1,1,1,91095,"STOVER"
2,51,1,24.2667,0,1,1,0,0,91095,"ANDERSON"
2,20,0,6.8167,1,1,1,0,1,91095,"ANDERSON"
2,21,0,0.5167,0,1,1,0,1,91095,"G_DAVIS"
2,20,0,27.3167,1,1,1,0,1,91095,"ANDERSON"
2,29,0,17.5167,0,1,1,0,1,91095,"G_DAVIS"
2,20,0,11.3167,1,1,1,0,1,91095,"ANDERSON"
2,20,0,9.1667,1,1,1,0,1,91095,"G_DAVIS"
2,20,0,3.8833,1,1,1,0,1,91095,"ANDERSON"
2,34,1,9.15,0,1,0,0,1,91095,"KASAY"
2,52,0,4.95,0,1,0,0,1,91095,"KASAY"
2,32,0,27.6,0,1,0,0,1,91095,"KASAY"
2,20,0,26.8167,1,1,0,0,1,91095,"CHRISTIE"
2,20,0,21.0833,1,1,0,0,1,91095,"CHRISTIE"
2,20,0,18.7,1,1,0,0,1,91095,"CHRISTIE"
2,20,0,17.05,1,1,0,0,1,91095,"CHRISTIE"
2,20,0,28.8167,1,0,0,0,1,91095,"N_JOHNSN"
2,43,0,22.3333,0,0,0,0,1,91095,"DELGRECO"
2,20,0,18.1,1,0,0,0,1,91095,"N_JOHNSN"
2,42,0,0.0333,0,0,0,0,1,91095,"N_JOHNSN"
2,20,0,27.15,1,0,0,0,1,91095,"N_JOHNSN"
2,20,0,19.1167,1,0,0,0,1,91095,"DELGRECO"
2,20,0,5.0333,1,0,0,0,1,91095,"N_JOHNSN"
2,20,0,2.7,1,0,0,0,1,91095,"DELGRECO"
2,40,0,0.2333,0,0,0,0,1,91095,"N_JOHNSN"
2,20,0,23.6167,1,1,1,0,1,91095,"CARNEY"
2,20,1,10.5167,1,1,1,0,1,91095,"PETERSON"
2,20,0,13.6833,1,1,1,0,1,91095,"CARNEY"
2,28,0,11.6833,0,1,0,0,1,91095,"LOWERY"
2,36,0,6.6167,0,1,0,0,0,91095,"COFER"
2,20,0,0.45,0,1,0,0,1,91095,"COFER"
2,20,0,28.2333,1,1,0,0,1,91095,"LOWERY"
2,20,0,17.1833,1,1,0,0,1,91095,"COFER"
2,20,0,8.7667,1,1,0,0,1,91095,"COFER"
2,20,1,2.6333,1,1,0,0,1,91095,"COFER"
2,52,1,0,0,1,0,0,1,91095,"COFER"
2,22,1,22.35,0,1,1,1,1,91095,"STOYANOV"
2,20,0,17.6667,1,1,1,1,1,91095,"STOYANOV"
2,54,0,10.5333,0,1,1,1,0,91095,"STOYANOV"
2,20,0,2.3667,1,1,1,1,1,91095,"STOYANOV"
2,20,0,13.1167,1,1,0,0,1,91095,"BONIOL"
2,20,0,6.3833,1,1,0,0,1,91095,"BONIOL"
2,20,0,0.9667,1,1,0,0,1,91095,"ELAM"
2,20,0,14.3,1,1,0,0,1,91095,"BONIOL"
2,45,0,11.1167,0,1,0,0,1,91095,"BONIOL"
2,20,0,0.7833,1,1,0,0,1,91095,"ELAM"
2,42,1,24.85,0,1,0,0,1,91095,"PELFREY"
2,20,0,23.7167,1,1,0,0,1,91095,"HOLLIS"
2,20,0,0.2667,1,1,0,0,1,91095,"PELFREY"
2,29,1,27.3,0,1,0,0,1,91095,"HOLLIS"
2,20,0,23.2333,1,1,0,0,1,91095,"PELFREY"
2,48,0,18.2833,0,1,0,0,0,91095,"PELFREY"
2,20,0,13.2667,1,1,0,0,1,91095,"PELFREY"
2,20,0,7.3333,1,1,0,0,1,91095,"HOLLIS"
2,20,0,22.5,1,0,0,0,1,91095,"REVEIZ"
2,20,1,18.85,1,0,0,0,1,91095,"HANSON"
2,33,1,16.7833,0,0,0,0,1,91095,"HANSON"
2,40,1,1.4667,0,0,0,0,0,91095,"HANSON"
2,27,1,15.7167,0,0,0,0,1,91095,"REVEIZ"
2,20,0,4.6667,1,0,0,0,1,91095,"REVEIZ"
2,20,0,23.6833,1,1,1,0,1,91195,"JACKE"
2,20,0,15.55,1,1,1,0,1,91195,"JACKE"
2,32,0,0.35,0,1,1,0,1,91195,"HENTRICH"
2,38,0,21.35,0,1,1,0,1,91195,"HENTRICH"
2,20,0,15.4667,1,1,1,0,1,91195,"BUTLER"
2,20,0,11.95,1,1,1,0,1,91195,"BUTLER"
3,21,1,16.3167,0,0,0,0,1,91795,"HANSON"
3,20,0,10.15,1,0,0,0,1,91795,"HANSON"
3,41,0,0.2833,0,0,0,0,1,91795,"G_DAVIS"
3,20,0,21.7167,1,0,0,0,1,91795,"HANSON"
3,19,1,25.6,0,0,0,0,1,91795,"ANDERSEN"
3,21,0,16.2667,0,0,0,0,1,91795,"LOHMILLE"
3,20,1,13.2833,1,0,0,0,1,91795,"ANDERSEN"
3,33,1,7.0333,0,0,0,0,1,91795,"ANDERSEN"
3,46,0,22.3667,0,0,0,0,1,91795,"ANDERSEN"
3,20,1,18.6833,1,0,0,0,1,91795,"LOHMILLE"
3,20,0,14.25,1,0,0,0,1,91795,"LOHMILLE"
3,21,1,0,0,0,0,0,1,91795,"ANDERSEN"
3,20,0,25.6167,1,0,0,0,1,91795,"PETERSON"
3,20,1,20.7667,1,0,0,0,1,91795,"PELFREY"
3,38,1,14.9167,0,0,0,0,0,91795,"PELFREY"
3,53,1,4.5,0,0,0,0,0,91795,"PETERSON"
3,20,0,1.1667,1,0,0,0,1,91795,"PETERSON"
3,38,0,0,0,0,0,0,1,91795,"PETERSON"
3,20,0,12.6833,1,0,0,0,1,91795,"PELFREY"
3,20,0,6.7333,1,0,0,0,1,91795,"PETERSON"
3,20,0,3.3,1,0,0,0,1,91795,"PELFREY"
3,49,1,1.3,0,0,0,0,0,91795,"PELFREY"
3,41,0,1.75,0,0,0,0,0,91795,"DELGRECO"
3,20,1,12.2833,1,0,0,0,1,91795,"DELGRECO"
3,20,0,9.2833,1,0,0,0,1,91795,"STOVER"
3,20,0,22.25,1,1,0,0,1,91795,"COFER"
3,20,1,15.3333,1,1,0,0,1,91795,"CHRISTIE"
3,20,0,6.3,1,1,0,0,1,91795,"COFER"
3,20,1,4.6,1,1,0,0,1,91795,"CHRISTIE"
3,35,1,22.8333,0,1,0,0,1,91795,"CHRISTIE"
3,39,1,8.0167,0,1,0,0,0,91795,"COFER"
3,38,0,4.45,0,1,0,0,1,91795,"CHRISTIE"
3,20,0,25.05,1,1,0,0,1,91795,"LOWERY"
3,20,0,7.7,0,1,0,0,1,91795,"LOWERY"
3,34,0,1.2167,0,1,0,0,1,91795,"HOLLIS"
3,48,0,0.0833,0,1,0,0,1,91795,"LOWERY"
3,20,0,22.8667,1,1,0,0,1,91795,"LOWERY"
3,20,0,17.9333,1,1,0,0,1,91795,"LOWERY"
3,20,0,1.1,1,1,0,0,1,91795,"HOLLIS"
3,34,1,25.1167,0,1,1,0,0,91795,"BAHR"
3,43,1,2.3,0,1,1,0,1,91795,"BAHR"
3,20,0,0.5833,1,1,1,0,1,91795,"BRIEN"
3,20,0,25.4,1,1,1,0,1,91795,"BRIEN"
3,20,0,14.9667,1,1,1,0,1,91795,"BRIEN"
3,20,0,5.55,1,1,1,0,1,91795,"BRIEN"
3,20,0,21.1667,1,1,0,0,1,91795,"ANDERSON"
3,20,0,14.9333,1,1,0,0,1,91795,"ANDERSON"
3,20,0,13.1667,1,1,0,0,1,91795,"CARNEY"
3,43,0,7.4833,0,1,0,0,0,91795,"ANDERSON"
3,20,0,28.3,1,1,0,0,1,91795,"CARNEY"
3,20,0,12.9167,1,1,1,0,1,91795,"MCLAUGLI"
3,39,0,6.6667,0,1,1,0,0,91795,"MCLAUGLI"
3,20,0,4.9833,1,1,1,0,1,91795,"MCLAUGLI"
3,45,0,0,0,1,1,0,1,91795,"KASAY"
3,20,0,20.6,1,1,1,0,1,91795,"MCLAUGLI"
3,34,0,16.3,0,1,1,0,1,91795,"MCLAUGLI"
3,32,0,5.75,0,1,1,0,0,91795,"MCLAUGLI"
3,20,0,5.6167,1,1,1,0,1,91795,"MCLAUGLI"
3,43,1,10.15,0,1,1,0,1,91795,"HUSTED"
3,37,1,5.8,0,1,1,0,1,91795,"BUTLER"
3,22,0,0.1667,0,1,1,0,1,91795,"BUTLER"
3,20,0,28.5833,1,1,1,0,1,91795,"BUTLER"
3,40,0,19.6333,0,1,1,0,1,91795,"HUSTED"
3,27,0,3.2167,0,1,1,0,1,91795,"BUTLER"
3,30,1,21.8167,0,1,1,0,0,91795,"MURRAY"
3,20,0,13.2333,0,1,1,0,1,91795,"ELAM"
3,20,0,1.8333,1,1,1,0,1,91795,"ELAM"
3,20,0,0.1833,1,1,1,0,1,91795,"MURRAY"
3,20,0,26.0167,1,1,1,0,1,91795,"MURRAY"
3,21,1,17.8667,0,1,1,0,1,91795,"MURRAY"
3,20,0,4.8833,1,1,1,0,1,91795,"ELAM"
3,20,1,1.1167,1,1,1,0,1,91795,"MURRAY"
3,20,0,21.4667,1,0,0,0,0,91795,"BONIOL"
3,42,0,17.2333,0,0,0,0,1,91795,"REVEIZ"
3,20,0,14.15,1,0,0,0,1,91795,"REVEIZ"
3,39,0,7.2,0,0,0,0,1,91795,"BONIOL"
3,48,0,2,0,0,0,0,0,91795,"REVEIZ"
3,20,1,23,0,0,0,0,0,91795,"BONIOL"
3,20,1,0.5,1,0,0,0,1,91795,"REVEIZ"
3,20,0,25.1667,1,1,1,0,1,91795,"HENTRICH"
3,20,0,9.1,1,1,1,0,1,91795,"HENTRICH"
3,37,0,5.7667,0,1,1,0,1,91795,"DALUISO"
3,32,0,3.35,0,1,1,0,1,91795,"DALUISO"
3,37,1,23.1333,0,1,1,0,1,91895,"STOYANOV"
3,20,0,14.15,1,1,1,0,1,91895,"STOYANOV"
3,40,0,2.4,0,1,1,0,1,91895,"N_JOHNSN"
3,20,0,0.7833,1,1,1,0,1,91895,"STOYANOV"
3,39,0,24.6333,0,1,1,0,1,91895,"STOYANOV"
3,52,0,22.3833,0,1,1,0,0,91895,"STOYANOV"
3,21,0,12.9,0,1,1,0,1,91895,"STOYANOV"
3,20,0,6.9167,1,1,1,0,1,91895,"N_JOHNSN"
4,28,0,0.3333,0,1,1,0,1,92495,"MURRAY"
4,20,1,25.5333,1,1,1,0,1,92495,"HUSTED"
4,20,0,14.8833,1,1,1,0,1,92495,"HUSTED"
4,37,1,23.5,0,0,0,0,1,92495,"ANDERSEN"
4,37,1,15.3833,0,0,0,0,1,92495,"LOWERY"
4,36,0,23.3833,0,0,0,0,1,92495,"ANDERSEN"
4,20,0,25.1667,1,1,0,0,1,92495,"DALUISO"
4,20,1,22.7,1,1,0,0,1,92495,"LOHMILLE"
4,20,1,7.1833,0,1,0,0,1,92495,"LOHMILLE"
4,20,0,2.15,1,1,0,0,1,92495,"DALUISO"
4,50,0,0,0,1,0,0,1,92495,"DALUISO"
4,20,0,27.1,1,1,0,0,1,92495,"DALUISO"
4,20,0,16.4833,1,1,0,0,1,92495,"DALUISO"
4,20,0,11.55,1,1,0,0,0,92495,"LOHMILLE"
4,20,0,4.5833,1,1,0,0,1,92495,"DALUISO"
4,32,1,9.0667,0,1,0,0,1,92495,"N_JOHNSN"
4,33,0,5.8,0,1,0,0,1,92495,"REVEIZ"
4,35,0,1.9333,0,1,0,0,1,92495,"N_JOHNSN"
4,43,0,0,0,1,0,0,1,92495,"REVEIZ"
4,20,0,29.6,1,1,0,0,1,92495,"REVEIZ"
4,20,0,27.3667,1,1,0,0,1,92495,"REVEIZ"
4,20,0,23.6333,1,1,0,0,1,92495,"REVEIZ"
4,40,0,20.8833,0,1,0,0,1,92495,"REVEIZ"
4,20,0,7.6,1,1,0,0,1,92495,"REVEIZ"
4,37,1,24.45,0,1,1,0,0,92495,"STOVER"
4,20,0,15.4833,1,1,1,0,1,92495,"STOVER"
4,25,0,0.6333,0,1,1,0,1,92495,"ELLIOTT"
4,48,0,26.4333,0,1,1,0,0,92495,"ELLIOTT"
4,20,0,4.75,1,1,1,0,1,92495,"STOVER"
4,20,0,4.4333,1,1,1,0,1,92495,"STOVER"
4,20,0,0.2333,1,1,1,0,1,92495,"ELLIOTT"
4,20,0,24.25,1,1,0,0,1,92495,"DELGRECO"
4,20,0,7.2333,1,1,0,0,1,92495,"DELGRECO"
4,20,0,1.2,1,1,0,0,1,92495,"DELGRECO"
4,20,0,28.55,1,1,0,0,1,92495,"PELFREY"
4,20,0,23.4333,1,1,0,0,1,92495,"DELGRECO"
4,41,0,21.4,0,1,0,0,1,92495,"DELGRECO"
4,23,1,9.7,0,1,1,0,1,92495,"ELAM"
4,20,0,2.7,1,1,1,0,1,92495,"CARNEY"
4,52,0,26.3167,0,1,1,0,1,92495,"ELAM"
4,20,0,13.7667,1,1,1,0,1,92495,"CARNEY"
4,45,0,5,0,1,1,0,1,92495,"CARNEY"
4,20,0,29.0833,1,1,0,0,1,92495,"MCLAUGLI"
4,45,0,18.5833,0,1,0,0,1,92495,"MCLAUGLI"
4,20,0,7.9333,1,1,0,0,1,92495,"MCLAUGLI"
4,20,0,4.4667,1,1,0,0,1,92495,"BUTLER"
4,20,0,0.7833,1,1,0,0,1,92495,"BUTLER"
4,20,0,15.9,1,1,0,0,1,92495,"MCLAUGLI"
4,20,0,23.7,1,1,0,0,1,92495,"BONIOL"
4,31,0,11.2,0,1,0,0,1,92495,"G_DAVIS"
4,20,0,9.3833,1,1,0,0,1,92495,"BONIOL"
4,20,0,6.9667,1,1,0,0,1,92495,"G_DAVIS"
4,25,0,1.05,0,1,0,0,1,92495,"BONIOL"
4,30,0,20.6333,0,1,0,0,1,92495,"BONIOL"
4,20,0,2.6167,1,1,0,0,1,92495,"BONIOL"
4,20,0,0.7667,1,1,0,0,1,92495,"G_DAVIS"
4,47,1,20.6333,0,1,1,0,0,92495,"HENTRICH"
4,49,1,11.1167,0,1,1,0,1,92495,"HENTRICH"
4,20,0,0.9333,1,1,1,0,1,92495,"HENTRICH"
4,20,0,19.6333,1,1,1,0,1,92495,"HENTRICH"
4,20,0,14.05,1,1,1,0,1,92495,"HOLLIS"
4,20,0,5.8667,1,1,1,0,1,92495,"HENTRICH"
4,20,0,1.0333,1,1,1,0,1,92495,"HOLLIS"
4,47,1,24.05,0,0,0,0,0,92595,"BRIEN"
4,30,1,17.4333,0,0,0,0,1,92595,"HANSON"
4,20,0,13.7333,1,0,0,0,1,92595,"HANSON"
4,23,0,9.8833,0,0,0,0,1,92595,"BRIEN"
4,20,0,1.8167,1,0,0,0,1,92595,"BRIEN"
4,18,0,24.3167,0,0,0,0,1,92595,"HANSON"
4,20,1,19.85,1,0,0,0,1,92595,"BRIEN"
4,20,1,5.8833,1,0,0,0,1,92595,"BRIEN"
4,32,1,1.2,0,0,0,0,1,92595,"HANSON"
5,20,0,26.1,1,1,1,0,1,100195,"HUSTED"
5,20,1,10.6167,1,1,1,0,1,100195,"KASAY"
5,25,1,8.1167,0,1,1,0,1,100195,"HUSTED"
5,27,0,0,0,1,1,0,1,100195,"HUSTED"
5,20,1,23.3,1,1,1,0,0,100195,"KASAY"
5,20,0,14.95,1,1,1,0,1,100195,"HUSTED"
5,20,0,23.95,1,1,0,0,1,100195,"N_JOHNSN"
5,20,0,21.1667,1,1,0,0,1,100195,"N_JOHNSN"
5,20,0,16.55,1,1,0,0,1,100195,"N_JOHNSN"
5,20,0,0.8,1,1,0,0,1,100195,"N_JOHNSN"
5,28,0,14.85,0,1,0,0,1,100195,"CARNEY"
5,37,1,26.5667,0,1,1,0,1,100195,"DALUISO"
5,22,1,18.0833,0,1,1,0,1,100195,"BRIEN"
5,20,0,1.95,1,1,1,0,1,100195,"BRIEN"
5,20,0,0.4333,1,1,1,0,1,100195,"BRIEN"
5,46,0,22.9833,0,1,1,0,1,100195,"BRIEN"
5,32,0,15.9667,0,1,1,0,1,100195,"DALUISO"
5,34,1,18.6,0,0,0,0,1,100195,"ANDERSEN"
5,20,0,15.2333,1,0,0,0,1,100195,"BAHR"
5,54,0,11.2,0,0,0,0,1,100195,"ANDERSEN"
5,31,0,1.2333,0,0,0,0,1,100195,"ANDERSEN"
5,27,1,21,0,0,0,0,1,100195,"BAHR"
5,32,1,9.7,0,0,0,0,1,100195,"ANDERSEN"
5,33,0,4.0833,0,0,0,0,1,100195,"ANDERSEN"
5,20,0,1.75,1,0,0,0,1,100195,"ANDERSEN"
5,20,0,7.6,1,1,0,1,1,100195,"STOYANOV"
5,36,0,21,0,1,0,1,1,100195,"STOYANOV"
5,20,1,19,1,1,0,1,1,100195,"PELFREY"
5,35,1,10.05,0,1,0,1,1,100195,"STOYANOV"
5,20,0,1.05,1,1,0,1,1,100195,"STOYANOV"
5,45,1,0.0333,0,1,0,1,0,100195,"PELFREY"
5,20,0,14.7833,1,1,1,0,1,100195,"ELLIOTT"
5,20,0,7.0833,1,1,1,0,1,100195,"ELLIOTT"
5,28,0,18.65,0,1,1,0,1,100195,"ELLIOTT"
5,48,0,14.3833,0,1,1,0,1,100195,"G_DAVIS"
5,20,0,26.2333,1,0,0,0,1,100195,"HOLLIS"
5,22,0,21.5,0,0,0,0,1,100195,"HOLLIS"
5,29,0,6.5833,0,0,0,0,1,100195,"DELGRECO"
5,53,0,0.05,0,0,0,0,1,100195,"DELGRECO"
5,20,0,23.3333,1,0,0,0,1,100195,"DELGRECO"
5,32,0,14.1833,0,0,0,0,1,100195,"DELGRECO"
5,20,1,1.05,1,0,0,0,1,100195,"HOLLIS"
5,52,1,0,0,0,0,0,0,100195,"DELGRECO"
5,32,1,25.8667,0,1,1,0,1,100195,"BONIOL"
5,38,1,22.0833,0,1,1,0,1,100195,"MURRAY"
5,20,0,18.4167,1,1,1,0,1,100195,"BONIOL"
5,20,1,14.9167,1,1,1,0,1,100195,"MURRAY"
5,46,1,6.1167,0,1,1,0,1,100195,"MURRAY"
5,20,0,23.6333,1,1,1,0,1,100195,"MURRAY"
5,34,0,18.4333,0,1,1,0,1,100195,"BONIOL"
5,20,0,13.5833,1,1,1,0,1,100195,"BONIOL"
5,23,0,4.3333,0,1,1,0,1,100195,"BONIOL"
5,23,1,10.8167,0,0,0,0,0,100195,"ELAM"
5,48,1,7.2167,0,0,0,0,0,100195,"PETERSON"
5,20,0,1.7,1,0,0,0,1,100195,"PETERSON"
5,52,0,0.3333,0,0,0,0,0,100195,"ELAM"
5,20,0,22.6333,1,0,0,0,1,100195,"PETERSON"
5,30,0,17.5833,0,0,0,0,1,100195,"ELAM"
5,20,0,10.8333,1,0,0,0,1,100195,"PETERSON"
5,20,0,7.8,1,0,0,0,1,100195,"ELAM"
5,34,1,25.7833,0,0,0,0,1,100195,"LOHMILLE"
5,20,1,15.9667,0,0,0,0,1,100195,"ANDERSON"
5,20,1,22.3167,1,0,0,0,1,100195,"LOHMILLE"
5,42,0,7.4,0,0,0,0,1,100195,"ANDERSON"
5,20,0,24.9333,1,1,1,0,1,100295,"CHRISTIE"
5,20,1,21.8167,1,1,1,0,1,100295,"STOVER"
5,38,1,15.8333,0,1,1,0,1,100295,"CHRISTIE"
5,43,1,11.55,0,1,1,0,0,100295,"STOVER"
5,32,1,0.3,0,1,1,0,1,100295,"STOVER"
5,31,1,26.1667,0,1,1,0,1,100295,"CHRISTIE"
5,47,1,21.9833,0,1,1,0,1,100295,"STOVER"
5,23,1,18.9333,0,1,1,0,1,100295,"STOVER"
5,22,1,14.3167,0,1,1,0,0,100295,"CHRISTIE"
5,20,0,6.5,1,1,1,0,0,100295,"CHRISTIE"
5,38,1,3.8167,0,1,1,0,1,100295,"STOVER"
5,33,1,0.0833,0,1,1,0,1,100295,"CHRISTIE"
6,20,0,27.5167,1,1,0,0,1,100895,"ANDERSON"
6,20,0,21.4833,1,1,0,0,1,100895,"MURRAY"
6,40,1,17.5333,0,1,0,0,1,100895,"ANDERSON"
6,20,0,13.2667,1,1,0,0,1,100895,"MURRAY"
6,20,1,3.1167,1,1,0,0,1,100895,"ANDERSON"
6,20,0,0.1,1,1,0,0,1,100895,"ANDERSON"
6,20,1,25.3667,1,1,0,0,1,100895,"MURRAY"
6,20,0,19.6667,1,1,0,0,1,100895,"ANDERSON"
6,47,0,15.7333,0,1,0,0,0,100895,"MURRAY"
6,43,0,11.1167,0,1,0,0,1,100895,"ANDERSON"
6,20,0,7.2167,1,1,0,0,1,100895,"MURRAY"
6,46,1,0.8667,0,1,0,0,1,100895,"MURRAY"
6,35,1,0,0,1,0,0,1,100895,"ANDERSON"
6,20,0,20.2,1,1,1,0,1,100895,"ELAM"
6,20,0,18.35,1,1,1,0,1,100895,"ELAM"
6,51,0,16.6667,0,1,1,0,1,100895,"BAHR"
6,37,0,10.8167,0,1,1,0,1,100895,"ELAM"
6,31,0,2.4,0,1,1,0,1,100895,"ELAM"
6,20,0,22.6333,1,1,1,0,1,100895,"ELAM"
6,20,0,15.9167,1,1,1,0,1,100895,"ELAM"
6,20,0,25.7167,1,0,0,0,1,100895,"HANSON"
6,20,0,2.8833,1,0,0,0,1,100895,"HANSON"
6,20,0,13.5,1,0,0,0,1,100895,"HANSON"
6,38,0,5.8167,0,0,0,0,1,100895,"STOVER"
6,34,1,22.2667,0,1,1,0,1,100895,"PELFREY"
6,47,1,13.5167,0,1,1,0,0,100895,"HUSTED"
6,20,0,5.25,1,1,1,0,1,100895,"HUSTED"
6,45,0,2.25,0,1,1,0,1,100895,"PELFREY"
6,27,0,22.05,0,1,1,0,1,100895,"HUSTED"
6,44,0,18.85,0,1,1,0,1,100895,"PELFREY"
6,20,0,9.9333,1,1,1,0,1,100895,"PELFREY"
6,33,1,3.6333,0,1,1,0,1,100895,"HUSTED"
6,53,1,0.4833,0,1,1,0,1,100895,"HUSTED"
6,20,0,22.8,1,1,1,0,1,100895,"BUTLER"
6,21,0,15.8667,0,1,1,0,1,100895,"KASAY"
6,20,0,7.6,1,1,1,0,1,100895,"KASAY"
6,20,0,1.0667,1,1,1,0,1,100895,"BUTLER"
6,49,0,0.05,0,1,1,0,1,100895,"KASAY"
6,20,0,13.8667,1,1,1,0,1,100895,"KASAY"
6,20,0,9.3667,1,1,1,0,1,100895,"BUTLER"
6,20,0,2.6167,1,1,1,0,1,100895,"KASAY"
6,23,1,24.4833,0,1,0,0,1,100895,"G_DAVIS"
6,20,0,9.0167,1,1,0,0,1,100895,"G_DAVIS"
6,36,0,24.1,0,1,0,0,1,100895,"G_DAVIS"
6,20,1,19.1333,1,1,0,0,1,100895,"DALUISO"
6,20,1,12.8833,1,1,0,0,1,100895,"DALUISO"
6,50,1,0.3833,0,1,0,0,0,100895,"G_DAVIS"
6,20,0,25.3,1,1,1,0,1,100895,"HOLLIS"
6,20,0,14.0333,1,1,1,0,1,100895,"HOLLIS"
6,20,0,1.9667,1,1,1,0,1,100895,"N_JOHNSN"
6,53,0,0.5333,0,1,1,0,1,100895,"HOLLIS"
6,32,0,21.05,0,1,1,0,1,100895,"HOLLIS"
6,19,0,18.25,0,1,1,0,1,100895,"N_JOHNSN"
6,22,0,14.8667,0,1,1,0,1,100895,"N_JOHNSN"
6,38,1,20.7667,0,1,0,0,1,100895,"CHRISTIE"
6,26,1,7.95,0,1,0,0,1,100895,"LOWERY"
6,24,1,3.9667,0,1,0,0,1,100895,"CHRISTIE"
6,32,0,0.4333,0,1,0,0,1,100895,"CHRISTIE"
6,20,0,0.2667,1,1,0,0,1,100895,"CHRISTIE"
6,20,0,24.05,1,1,0,0,1,100895,"LOWERY"
6,51,0,22.2667,0,1,0,0,1,100895,"CHRISTIE"
6,33,0,15.35,0,1,0,0,0,100895,"LOWERY"
6,20,0,9.85,1,1,0,0,1,100895,"CHRISTIE"
6,27,0,5.9333,0,1,0,0,1,100895,"CHRISTIE"
6,20,0,24.9167,1,1,1,0,1,100895,"STOYANOV"
6,20,0,17.8167,1,1,1,0,1,100895,"STOYANOV"
6,21,0,13.0667,0,1,1,0,1,100895,"BLANCHAR"
6,20,0,5,1,1,1,0,1,100895,"STOYANOV"
6,51,0,0.2833,0,1,1,0,1,100895,"STOYANOV"
6,27,0,9.9333,0,1,1,0,0,100895,"STOYANOV"
6,20,1,1.15,1,1,1,0,1,100895,"BLANCHAR"
6,49,1,0.1,0,1,1,0,0,100895,"STOYANOV"
6,27,1,0,0,1,1,0,1,100895,"BLANCHAR"
6,19,1,20.2167,0,0,0,0,1,100895,"DELGRECO"
6,38,1,14.8667,0,0,0,0,1,100895,"REVEIZ"
6,50,1,10.0833,0,0,0,0,1,100895,"DELGRECO"
6,20,0,5.4833,1,0,0,0,1,100895,"REVEIZ"
6,20,0,2.4167,1,0,0,0,1,100895,"REVEIZ"
6,44,1,6.6667,0,0,0,0,1,100895,"DELGRECO"
6,21,1,13.4,0,1,1,0,1,100995,"ELLIOTT"
6,20,0,11.4,1,1,1,0,1,100995,"CARNEY"
6,20,0,3.8833,1,1,1,0,1,100995,"ELLIOTT"
6,36,1,0.0333,0,1,1,0,1,100995,"CARNEY"
6,49,1,12.3167,0,1,1,0,1,100995,"ELLIOTT"
6,20,0,6.8333,1,1,1,0,1,100995,"CARNEY"
6,29,0,1.2,0,1,1,0,1,100995,"CARNEY"
7,50,1,18.5667,0,1,0,1,0,101595,"CHRISTIE"
7,20,0,12.7167,1,1,0,1,1,101595,"PETERSON"
7,20,1,5.6333,1,1,0,1,1,101595,"CHRISTIE"
7,20,0,22.8833,1,1,0,1,1,101595,"CHRISTIE"
7,20,0,20.85,1,1,0,1,1,101595,"CHRISTIE"
7,26,0,12.8,0,1,0,1,1,101595,"CHRISTIE"
7,20,0,4.2833,1,1,0,1,1,101595,"PETERSON"
7,20,0,10.0667,1,1,0,0,1,101595,"ANDERSON"
7,21,0,0.0333,0,1,0,0,1,101595,"DALUISO"
7,45,0,23.1167,0,1,0,0,0,101595,"ANDERSON"
7,40,0,10.4167,0,1,0,0,1,101595,"ANDERSON"
7,32,1,20.8833,0,0,0,0,1,101595,"BLANCHAR"
7,20,0,10.8833,1,0,0,0,1,101595,"BRIEN"
7,46,0,2.8833,0,0,0,0,1,101595,"BLANCHAR"
7,51,1,7.65,0,0,0,0,1,101595,"BRIEN"
7,46,1,0.7667,0,0,0,0,0,101595,"BRIEN"
7,23,1,27,0,1,1,0,1,101595,"KASAY"
7,43,0,21.1167,0,1,1,0,0,101595,"KASAY"
7,50,1,4.2833,0,1,1,0,1,101595,"LOWERY"
7,20,0,3.2833,1,1,1,0,1,101595,"LOWERY"
7,20,1,0.2167,1,1,1,0,1,101595,"KASAY"
7,20,0,21.05,1,1,1,0,1,101595,"KASAY"
7,30,0,1.0667,0,1,1,0,1,101595,"KASAY"
7,27,1,25.7667,0,1,1,0,1,101595,"ELLIOTT"
7,20,0,21.65,1,1,1,0,1,101595,"BAHR"
7,29,1,9.0167,0,1,1,0,1,101595,"BAHR"
7,20,0,5.3667,1,1,1,0,1,101595,"ELLIOTT"
7,20,0,3.1333,1,1,1,0,1,101595,"ELLIOTT"
7,20,0,25,0,1,1,0,1,101595,"BAHR"
7,20,0,6.7667,1,1,1,0,1,101595,"ELLIOTT"
7,20,0,2.1167,1,1,1,0,1,101595,"BAHR"
7,51,1,28.2833,0,1,1,0,1,101595,"REVEIZ"
7,20,0,23,1,1,1,0,1,101595,"HUSTED"
7,20,0,0.4333,1,1,1,0,1,101595,"HUSTED"
7,43,0,0,0,1,1,0,1,101595,"REVEIZ"
7,36,0,19.6,0,1,1,0,1,101595,"HUSTED"
7,23,1,0.9333,0,1,1,0,1,101595,"REVEIZ"
7,53,1,0,0,1,1,0,0,101595,"REVEIZ"
7,51,1,0,0,1,1,0,1,101595,"HUSTED"
7,54,0,23.95,0,0,0,0,0,101595,"STOYANOV"
7,47,0,20.3333,0,0,0,0,0,101595,"LOHMILLE"
7,52,0,4.4,0,0,0,0,0,101595,"LOHMILLE"
7,20,0,0.1167,0,0,0,0,1,101595,"STOYANOV"
7,20,0,26.25,1,0,0,0,0,101595,"LOHMILLE"
7,20,0,21.7167,1,0,0,0,1,101595,"STOYANOV"
7,20,0,19.8167,1,0,0,0,1,101595,"LOHMILLE"
7,20,0,12,1,0,0,0,1,101595,"LOHMILLE"
7,42,1,20.7,0,1,1,0,1,101595,"JACKE"
7,43,0,6.8333,0,1,1,0,1,101595,"JACKE"
7,20,0,27.4167,1,1,1,0,1,101595,"HANSON"
7,20,0,21.9667,1,1,1,0,1,101595,"JACKE"
7,20,0,19.0833,1,1,1,0,1,101595,"HANSON"
7,20,0,13.8333,1,1,1,0,1,101595,"HANSON"
7,20,0,7.9667,0,1,1,0,1,101595,"JACKE"
7,20,0,19.5,1,1,1,0,1,101595,"BONIOL"
7,20,0,3.9667,1,1,1,0,1,101595,"BONIOL"
7,30,0,5.45,0,1,1,0,1,101595,"BONIOL"
7,25,1,20.3333,0,1,1,0,1,101595,"BUTLER"
7,20,0,15.1333,1,1,1,0,1,101595,"HOLLIS"
7,49,0,3.9667,0,1,1,0,1,101595,"HOLLIS"
7,20,1,1.25,1,1,1,0,1,101595,"BUTLER"
7,20,0,24.1833,1,1,1,0,1,101595,"BUTLER"
7,20,0,14.3667,1,1,1,0,1,101595,"HOLLIS"
7,20,0,12.4667,1,1,1,0,1,101595,"BUTLER"
7,40,0,8.75,0,1,1,0,1,101595,"HOLLIS"
7,20,0,0.45,1,1,1,0,1,101595,"HOLLIS"
7,54,1,0,0,1,1,0,0,101595,"HOLLIS"
7,20,0,16.75,1,1,0,0,1,101295,"MCLAUGLI"
7,20,0,11.15,1,1,0,0,1,101295,"MCLAUGLI"
7,28,0,3.0833,0,1,0,0,0,101295,"MCLAUGLI"
7,20,0,3.0833,1,1,0,0,1,101295,"ANDERSEN"
7,40,0,0,0,1,0,0,1,101295,"ZENDEJAS"
7,48,0,22.45,0,1,0,0,0,101295,"ZENDEJAS"
7,45,0,11.9667,0,1,0,0,1,101295,"ZENDEJAS"
8,44,0,7.4,0,1,0,0,1,102295,"STOYANOV"
8,48,0,0.0333,0,1,0,0,1,102295,"STOYANOV"
8,20,0,27.1333,1,1,0,0,1,102295,"LOWERY"
8,20,0,17.15,1,1,0,0,1,102295,"STOYANOV"
8,20,1,13.0833,1,1,0,0,1,102295,"LOWERY"
8,20,1,18.2167,1,0,0,0,0,102295,"CARNEY"
8,48,0,4.7333,0,0,0,0,1,102295,"PETERSON"
8,20,0,1.9,1,0,0,0,1,102295,"CARNEY"
8,20,0,14.4,1,0,0,0,1,102295,"CARNEY"
8,27,0,10.5,0,0,0,0,1,102295,"PETERSON"
8,29,1,13.4167,0,1,1,0,1,102295,"LOHMILLE"
8,45,1,4.8667,0,1,1,0,1,102295,"KASAY"
8,20,0,22.65,1,1,1,0,1,102295,"KASAY"
8,20,0,19.2833,1,1,1,0,1,102295,"KASAY"
8,37,0,12.6833,0,1,1,0,1,102295,"KASAY"
8,20,0,20.7333,1,1,1,0,1,102295,"ELAM"
8,20,1,18.5167,1,1,1,0,1,102295,"ELLIOTT"
8,35,1,9.7667,0,1,1,0,0,102295,"ELLIOTT"
8,20,0,2.75,1,1,1,0,1,102295,"ELLIOTT"
8,20,0,24.3333,1,1,1,0,1,102295,"ELLIOTT"
8,20,0,18.7,1,1,1,0,1,102295,"HOLLIS"
8,20,0,15.8833,1,1,1,0,0,102295,"HOLLIS"
8,29,0,4.8667,0,1,1,0,1,102295,"STOVER"
8,20,0,0.8167,1,1,1,0,1,102295,"HOLLIS"
8,21,0,19.4,0,1,1,0,1,102295,"STOVER"
8,31,0,1.1667,0,1,1,0,1,102295,"HOLLIS"
8,28,1,27.7,0,1,1,0,1,102295,"BUTLER"
8,22,0,20.2833,0,1,1,0,1,102295,"BUTLER"
8,20,0,17.7333,1,1,1,0,1,102295,"BUTLER"
8,20,0,12.9667,1,1,1,0,1,102295,"BUTLER"
8,47,0,4.6,0,1,1,0,1,102295,"BUTLER"
8,20,0,0.1333,1,1,1,0,1,102295,"DELGRECO"
8,20,0,21.3667,1,1,1,0,1,102295,"DELGRECO"
8,39,0,17.1833,0,1,1,0,1,102295,"DELGRECO"
8,20,0,10.3,1,1,1,0,1,102295,"BUTLER"
8,20,0,2.3833,1,1,1,0,1,102295,"DELGRECO"
8,26,1,24.6,0,1,1,0,1,102295,"MURRAY"
8,20,0,12.6167,1,1,1,0,1,102295,"MURRAY"
8,20,0,8.3,0,1,1,0,1,102295,"HANSON"
8,20,1,1.0833,1,1,1,0,1,102295,"HANSON"
8,49,1,0,0,1,1,0,0,102295,"MURRAY"
8,20,0,19.9833,1,1,1,0,1,102295,"HANSON"
8,20,1,15.7667,1,1,1,0,1,102295,"MURRAY"
8,39,1,9.9833,0,1,1,0,1,102295,"HANSON"
8,20,0,5.4333,1,1,1,0,1,102295,"MURRAY"
8,20,0,3.35,1,1,1,0,1,102295,"HANSON"
8,39,1,0.0667,0,1,1,0,1,102295,"MURRAY"
8,20,0,17.1833,1,1,1,0,1,102295,"HUSTED"
8,20,1,14.8167,1,1,1,0,1,102295,"ANDERSEN"
8,20,0,8.55,1,1,1,0,1,102295,"ANDERSEN"
8,20,1,4.1833,1,1,1,0,1,102295,"HUSTED"
8,20,1,21.2333,1,1,1,0,1,102295,"HUSTED"
8,39,1,1.7333,0,1,1,0,0,102295,"HUSTED"
8,30,1,7.3,0,1,1,0,1,102295,"ANDERSEN"
8,25,0,21.5333,0,1,0,0,1,102295,"MCLAUGLI"
8,38,0,12.9167,0,1,0,0,1,102295,"ZENDEJAS"
8,20,0,4.1333,1,1,0,0,1,102295,"ZENDEJAS"
8,30,0,1.6833,0,1,0,0,0,102295,"MCLAUGLI"
8,20,0,27.4833,1,1,0,0,0,102295,"ZENDEJAS"
8,20,0,26.3167,1,1,0,0,1,102295,"ZENDEJAS"
8,20,0,17.5333,1,1,0,0,1,102295,"ZENDEJAS"
8,20,0,2.4833,1,1,0,0,1,102295,"MCLAUGLI"
8,20,0,25.8333,1,1,1,1,1,102295,"JACKE"
8,20,1,20.8333,1,1,1,1,1,102295,"REVEIZ"
8,20,0,13.8833,1,1,1,1,1,102295,"JACKE"
8,51,0,8.9667,0,1,1,1,0,102295,"JACKE"
8,20,1,1,1,1,1,1,1,102295,"REVEIZ"
8,37,1,0.2,0,1,1,1,0,102295,"JACKE"
8,20,0,11.85,1,1,1,1,1,102295,"JACKE"
8,20,0,11.05,1,1,1,1,1,102295,"JACKE"
8,20,0,5.2167,1,1,1,1,1,102295,"REVEIZ"
8,39,1,25.5333,0,1,0,0,0,101995,"N_JOHNSN"
8,36,1,11.4667,0,1,0,0,0,101995,"N_JOHNSN"
8,20,0,9.1,1,1,0,0,1,101995,"PELFREY"
8,31,0,0.2833,0,1,0,0,1,101995,"PELFREY"
8,20,0,25.9333,1,1,0,0,1,101995,"PELFREY"
8,28,0,22.8167,0,1,0,0,1,101995,"N_JOHNSN"
8,20,0,19.6167,1,1,0,0,1,101995,"PELFREY"
8,38,0,14.8333,0,1,0,0,1,101995,"N_JOHNSN"
8,23,0,7.7333,0,1,0,0,1,101995,"PELFREY"
8,20,0,25.5667,1,1,1,0,1,102395,"BAHR"
8,23,0,22.4333,0,1,1,0,1,102395,"CHRISTIE"
8,23,0,16.4167,0,1,1,0,1,102395,"CHRISTIE"
8,20,0,9.9333,1,1,1,0,1,102395,"BAHR"
8,20,0,1.95,1,1,1,0,1,102395,"BAHR"
8,42,0,18.9833,0,1,1,0,0,102395,"BAHR"
8,24,0,6.3833,0,1,1,0,1,102395,"BAHR"
9,20,0,13,1,1,0,1,1,102995,"ANDERSON"
9,20,0,0.1333,0,1,0,1,1,102995,"ANDERSON"
9,62,0,0,0,1,0,1,0,102995,"MCLAUGLI"
9,32,0,22.95,0,1,0,1,0,102995,"MCLAUGLI"
9,29,0,17.4333,0,1,0,1,1,102995,"MCLAUGLI"
9,20,0,6.2667,1,1,0,1,1,102995,"ANDERSON"
9,20,0,23.1,1,1,1,0,1,102995,"G_DAVIS"
9,20,0,22.8667,1,1,1,0,1,102995,"PETERSON"
9,20,1,11.1333,1,1,1,0,1,102995,"PETERSON"
9,27,1,0,0,1,1,0,0,102995,"G_DAVIS"
9,44,0,19.9667,0,1,0,0,1,102995,"STOVER"
9,37,1,1.1333,0,1,0,0,1,102995,"PELFREY"
9,36,1,0.15,0,1,0,0,1,102995,"STOVER"
9,63,1,0,0,1,0,0,0,102995,"PELFREY"
9,38,1,23.9167,0,1,0,0,1,102995,"STOVER"
9,20,0,20.5333,1,1,0,0,1,102995,"PELFREY"
9,20,0,5.5833,1,1,0,0,1,102995,"STOVER"
9,20,0,2.85,1,1,0,0,1,102995,"STOVER"
9,20,1,0.25,1,1,0,0,1,102995,"PELFREY"
9,24,1,22.4167,0,1,1,0,1,102995,"STOYANOV"
9,32,1,14.8667,0,1,1,0,1,102995,"CHRISTIE"
9,20,0,20.05,1,1,1,0,1,102995,"STOYANOV"
9,20,0,11.5833,1,1,1,0,1,102995,"STOYANOV"
9,22,0,1.9333,0,1,1,0,1,102995,"STOYANOV"
9,42,1,26.4333,0,0,0,0,1,102995,"LOWERY"
9,46,1,21.7,0,0,0,0,1,102995,"BLANCHAR"
9,20,0,4.4333,1,0,0,0,1,102995,"BLANCHAR"
9,20,0,0,1,0,0,0,1,102995,"BLANCHAR"
9,20,0,11.75,1,0,0,0,1,102995,"LOWERY"
9,20,0,27.2167,1,1,1,0,1,102995,"DALUISO"
9,20,0,10.85,1,1,1,0,1,102995,"DALUISO"
9,20,0,9.2,1,1,1,0,1,102995,"DALUISO"
9,31,0,1.1,0,1,1,0,1,102995,"DALUISO"
9,52,0,0.0833,0,1,1,0,1,102995,"MURRAY"
9,27,0,13.6,0,1,1,0,1,102995,"MURRAY"
9,37,1,20.9667,0,1,1,0,0,102995,"ZENDEJAS"
9,20,0,14.9167,1,1,1,0,1,102995,"ZENDEJAS"
9,20,0,7.7667,0,1,1,0,1,102995,"LOHMILLE"
9,43,0,1.8667,0,1,1,0,0,102995,"LOHMILLE"
9,28,0,11.5833,0,1,1,0,0,102995,"LOHMILLE"
9,20,0,19.2833,1,1,0,1,1,102995,"N_JOHNSN"
9,20,0,14.8833,1,1,0,1,1,102995,"N_JOHNSN"
9,36,0,12.5333,0,1,0,1,1,102995,"N_JOHNSN"
9,20,0,14.9333,0,0,0,0,1,102995,"JACKE"
9,20,0,14.5667,1,0,0,0,1,102995,"HANSON"
9,20,0,3.55,1,0,0,0,1,102995,"JACKE"
9,20,0,0.95,1,0,0,0,1,102995,"HANSON"
9,50,0,23.8,0,0,0,0,1,102995,"JACKE"
9,28,0,16.75,0,0,0,0,1,102995,"JACKE"
9,38,0,9.6667,0,0,0,0,1,102995,"HANSON"
9,20,1,26.5833,1,0,0,0,1,102995,"ANDERSEN"
9,20,0,5.5667,1,0,0,0,1,102995,"BONIOL"
9,20,0,0.25,1,0,0,0,1,102995,"BONIOL"
9,20,0,26.5167,1,0,0,0,1,102995,"BONIOL"
9,40,0,17.8333,0,0,0,0,1,102995,"ANDERSEN"
9,20,0,10.2333,1,0,0,0,1,102995,"BONIOL"
9,19,1,20.45,0,0,0,0,1,102995,"DELGRECO"
9,20,1,10.7,1,0,0,0,1,102995,"HUSTED"
9,41,1,1.4167,0,0,0,0,1,102995,"DELGRECO"
9,20,0,15.4333,1,0,0,0,1,102995,"DELGRECO"
9,50,0,12.3333,0,0,0,0,0,102995,"DELGRECO"
9,39,0,0.35,0,0,0,0,1,102995,"DELGRECO"
9,22,1,7.1333,0,0,0,0,1,103095,"REVEIZ"
9,20,0,2.3833,1,0,0,0,1,103095,"BUTLER"
9,20,0,0.4167,1,0,0,0,1,103095,"BUTLER"
10,40,1,24.6,0,1,1,0,1,110595,"BUTLER"
10,20,0,9.7,1,1,1,0,1,110595,"N_JOHNSN"
10,20,0,8.1,1,1,1,0,1,110595,"BUTLER"
10,40,1,2.6667,0,1,1,0,1,110595,"N_JOHNSN"
10,20,0,1.65,1,1,1,0,1,110595,"N_JOHNSN"
10,20,0,22.3833,1,1,1,0,1,110595,"BUTLER"
10,46,0,19.2833,0,1,1,0,1,110595,"N_JOHNSN"
10,27,0,14.8333,0,1,1,0,1,110595,"BUTLER"
10,20,1,12.3167,1,1,1,0,1,110595,"N_JOHNSN"
10,20,0,8.7667,1,1,1,0,1,110595,"BUTLER"
10,44,0,3.8833,0,1,1,0,0,110595,"BUTLER"
10,20,1,1.1,1,1,1,0,1,110595,"N_JOHNSN"
10,24,1,0,0,1,1,0,1,110595,"N_JOHNSN"
10,32,1,26.2333,0,0,0,0,1,110595,"ANDERSEN"
10,20,0,22.8667,1,0,0,0,1,110595,"ANDERSEN"
10,47,0,14.1667,0,0,0,0,1,110595,"ANDERSEN"
10,42,0,0.0167,0,0,0,0,0,110595,"ANDERSEN"
10,20,0,19.9833,1,0,0,0,1,110595,"ANDERSEN"
10,20,0,11.35,1,0,0,0,1,110595,"HANSON"
10,44,0,3.6167,0,0,0,0,0,110595,"ANDERSEN"
10,39,1,19.65,0,1,1,0,1,110595,"KASAY"
10,20,0,15.8833,1,1,1,0,1,110595,"KASAY"
10,47,0,5.6833,0,1,1,0,1,110595,"KASAY"
10,20,0,13.7167,1,1,1,0,1,110595,"ZENDEJAS"
10,32,0,6.6167,0,1,1,0,0,110595,"ZENDEJAS"
10,20,0,26.4,1,0,0,0,1,110595,"CHRISTIE"
10,20,1,22.8333,1,0,0,0,1,110595,"BLANCHAR"
10,39,1,16.9333,0,0,0,0,1,110595,"CHRISTIE"
10,23,0,9.0667,0,0,0,0,1,110595,"CHRISTIE"
10,33,0,3.8667,0,0,0,0,1,110595,"CHRISTIE"
10,37,0,25.4,0,0,0,0,1,110595,"BLANCHAR"
10,38,0,1.9333,0,0,0,0,0,110595,"CHRISTIE"
10,20,0,26.2,1,1,1,0,1,110595,"ELAM"
10,20,0,23.3333,1,1,1,0,1,110595,"ELAM"
10,31,0,17.2333,0,1,1,0,1,110595,"G_DAVIS"
10,20,0,14.9333,1,1,1,0,1,110595,"ELAM"
10,53,0,6.3667,0,1,1,0,1,110595,"ELAM"
10,20,0,0.0667,0,1,1,0,1,110595,"G_DAVIS"
10,54,0,24.9667,0,1,1,0,0,110595,"G_DAVIS"
10,20,0,24.2333,1,1,1,0,1,110595,"ELAM"
10,20,0,7.85,1,1,1,0,1,110595,"ELAM"
10,20,0,22.4333,1,1,1,0,1,110595,"ELLIOTT"
10,20,0,11.8667,1,1,1,0,1,110595,"ELLIOTT"
10,29,0,5.4667,0,1,1,0,1,110595,"MURRAY"
10,38,0,0.0167,0,1,1,0,1,110595,"ELLIOTT"
10,20,0,2.4333,1,1,1,0,1,110595,"ELLIOTT"
10,20,0,17.0333,1,0,0,0,1,110595,"BIASUCCI"
10,20,1,12.2,1,0,0,0,1,110595,"BRIEN"
10,35,1,3.85,0,0,0,0,1,110595,"BRIEN"
10,26,0,21.85,0,0,0,0,1,110595,"BRIEN"
10,32,0,15.9333,0,0,0,0,1,110595,"BIASUCCI"
10,42,0,3.3,0,0,0,0,1,110595,"BRIEN"
10,52,0,2.5833,0,0,0,0,0,110595,"BIASUCCI"
10,20,0,25,1,0,0,0,1,110595,"PETERSON"
10,23,0,21.2667,0,0,0,0,1,110595,"DALUISO"
10,20,0,19.1833,1,0,0,0,1,110595,"PETERSON"
10,20,0,15.65,1,0,0,0,1,110595,"PETERSON"
10,20,0,11.6667,1,0,0,0,1,110595,"DALUISO"
10,23,1,25.5,0,0,0,0,1,110595,"PETERSON"
10,41,0,13.55,0,0,0,0,1,110595,"PETERSON"
10,32,1,1.45,0,0,0,0,1,110595,"PETERSON"
10,20,0,5.6,1,1,0,0,1,110595,"BAHR"
10,29,0,0.5167,0,1,0,0,1,110595,"BAHR"
10,20,0,18.7667,1,1,0,0,1,110595,"BAHR"
10,33,1,24.6167,0,1,1,0,1,110595,"CARNEY"
10,20,0,19.4167,1,1,1,0,1,110595,"STOYANOV"
10,39,0,21.3333,0,1,1,0,1,110595,"CARNEY"
10,20,0,19.3167,1,1,1,0,1,110595,"STOYANOV"
10,36,1,10.0667,0,1,1,0,1,110595,"STOYANOV"
10,20,0,7.3667,1,1,1,0,1,110595,"STOYANOV"
10,44,0,15.1,0,1,1,0,1,110595,"DELGRECO"
10,50,0,12.1333,0,1,1,0,0,110595,"STOVER"
10,20,0,7.2667,1,1,1,0,1,110595,"DELGRECO"
10,20,0,1.1167,1,1,1,0,1,110595,"DELGRECO"
10,20,0,23.6667,1,1,1,0,1,110595,"DELGRECO"
10,37,0,14.9167,0,1,1,0,1,110595,"DELGRECO"
10,20,0,13.0667,1,1,1,0,1,110595,"DELGRECO"
10,20,0,26.4833,1,0,0,0,1,110595,"JACKE"
10,20,1,18.8333,1,0,0,0,1,110595,"REVEIZ"
10,36,1,16.7833,0,0,0,0,1,110595,"REVEIZ"
10,50,1,7.45,0,0,0,0,1,110595,"JACKE"
10,46,0,0.1167,0,0,0,0,1,110595,"JACKE"
10,20,1,27.05,1,0,0,0,1,110595,"REVEIZ"
10,20,0,23.6333,1,0,0,0,1,110595,"REVEIZ"
10,36,1,28.2833,0,1,0,1,1,110695,"ANDERSON"
10,20,0,25.6167,1,1,0,1,1,110695,"BONIOL"
10,42,0,1.7,0,1,0,1,1,110695,"BONIOL"
10,20,0,12.8167,1,1,0,1,1,110695,"BONIOL"
10,37,0,4.75,0,1,0,1,1,110695,"BONIOL"
11,20,0,24.6833,1,1,1,0,1,111295,"BUTLER"
11,20,0,18.8333,1,1,1,0,1,111295,"JACKE"
11,20,1,14.9333,1,1,1,0,1,111295,"BUTLER"
11,20,0,6.3167,1,1,1,0,1,111295,"JACKE"
11,20,1,0.1167,1,1,1,0,1,111295,"BUTLER"
11,20,0,17.7833,1,1,1,0,1,111295,"BUTLER"
11,20,1,17.45,1,1,1,0,1,111295,"JACKE"
11,20,0,9.2833,1,1,1,0,1,111295,"JACKE"
11,20,0,28.9833,1,1,0,1,1,111295,"WILKINS"
11,20,0,14.25,1,1,0,1,1,111295,"WILKINS"
11,20,0,6.5,1,1,0,1,1,111295,"BONIOL"
11,20,0,1.8,1,1,0,1,1,111295,"WILKINS"
11,26,0,27.1167,0,1,0,1,1,111295,"BONIOL"
11,37,0,17.3667,0,1,0,1,1,111295,"BONIOL"
11,20,0,4.3167,1,1,0,1,1,111295,"BONIOL"
11,20,0,20.9833,1,1,0,1,1,111295,"ANDERSEN"
11,20,1,17.1833,1,1,0,1,1,111295,"CHRISTIE"
11,44,1,15.3333,0,1,0,1,0,111295,"ANDERSEN"
11,20,0,1.05,1,1,0,1,1,111295,"CHRISTIE"
11,50,0,0.0833,0,1,0,1,1,111295,"ANDERSEN"
11,23,0,24.7,0,1,0,1,1,111295,"CHRISTIE"
11,20,1,23.35,1,1,0,1,1,111295,"ANDERSEN"
11,38,1,17.85,0,1,0,1,1,111295,"CHRISTIE"
11,21,0,1.9333,0,1,0,1,1,111295,"CHRISTIE"
11,43,1,16.9833,0,0,0,0,0,111295,"KASAY"
11,20,0,10.7833,1,0,0,0,1,111295,"BIASUCCI"
11,20,0,1.2,1,0,0,0,1,111295,"KASAY"
11,23,0,22.6167,0,0,0,0,1,111295,"KASAY"
11,20,0,14.9333,1,0,0,0,1,111295,"BIASUCCI"
11,20,0,13.2833,1,0,0,0,1,111295,"BIASUCCI"
11,20,0,4.3667,1,0,0,0,1,111295,"KASAY"
11,20,0,28.2833,1,0,0,0,1,111295,"PELFREY"
11,40,0,24.45,0,0,0,0,1,111295,"DELGRECO"
11,20,0,22.75,1,0,0,0,1,111295,"DELGRECO"
11,33,1,18.2833,0,0,0,0,1,111295,"PELFREY"
11,27,0,5.5833,0,0,0,0,1,111295,"PELFREY"
11,34,0,0,0,0,0,0,1,111295,"DELGRECO"
11,20,0,22.9333,1,0,0,0,1,111295,"PELFREY"
11,34,0,11.4333,0,0,0,0,1,111295,"DELGRECO"
11,20,0,9.75,1,0,0,0,1,111295,"PELFREY"
11,23,0,1.95,0,0,0,0,1,111295,"DELGRECO"
11,43,1,26.8667,0,1,1,0,1,111295,"REVEIZ"
11,32,0,19.5667,0,1,1,0,0,111295,"REVEIZ"
11,20,0,13.0167,1,1,1,0,1,111295,"REVEIZ"
11,20,0,8.5833,1,1,1,0,1,111295,"G_DAVIS"
11,39,0,0.0167,0,1,1,0,1,111295,"G_DAVIS"
11,44,0,28.8333,0,1,1,0,1,111295,"G_DAVIS"
11,20,0,12.2833,1,1,1,0,1,111295,"REVEIZ"
11,20,0,25.1833,1,1,1,0,1,111295,"PETERSON"
11,20,1,21.5,1,1,1,0,1,111295,"HOLLIS"
11,20,0,15,1,1,1,0,1,111295,"PETERSON"
11,20,0,10.9333,1,1,1,0,1,111295,"PETERSON"
11,26,1,1.3667,0,1,1,0,1,111295,"HOLLIS"
11,50,0,0,0,1,1,0,1,111295,"HOLLIS"
11,20,1,25.95,1,1,1,0,1,111295,"PETERSON"
11,20,0,13.7833,1,1,1,0,1,111295,"PETERSON"
11,29,0,10.6167,0,1,1,0,1,111295,"HOLLIS"
11,20,0,1.05,1,1,1,0,1,111295,"PETERSON"
11,20,1,23.4667,1,1,0,0,1,111295,"ELAM"
11,44,0,14.7667,0,1,0,0,1,111295,"ELAM"
11,20,0,9.9,1,1,0,0,1,111295,"ANDERSON"
11,48,0,16.9,0,1,0,0,1,111295,"ELAM"
11,52,0,14.8333,0,1,0,0,0,111295,"ANDERSON"
11,20,0,11.6333,1,1,0,0,1,111295,"ANDERSON"
11,39,0,5.4333,0,1,0,0,1,111295,"ANDERSON"
11,20,0,4.75,1,0,0,0,1,111295,"BLANCHAR"
11,20,1,1.15,1,0,0,0,1,111295,"BRIEN"
11,45,1,20.05,0,0,0,0,0,111295,"BLANCHAR"
11,20,0,15.2833,1,0,0,0,1,111295,"BRIEN"
11,20,1,13.2333,1,0,0,0,1,111295,"BLANCHAR"
11,20,0,22.3833,1,0,0,0,1,111295,"HANSON"
11,20,1,18.25,1,0,0,0,1,111295,"HUSTED"
11,20,0,8.9,1,0,0,0,1,111295,"HANSON"
11,20,0,5.1667,1,0,0,0,1,111295,"HUSTED"
11,43,0,1.5167,0,0,0,0,0,111295,"HUSTED"
11,34,1,0.2167,0,0,0,0,0,111295,"HANSON"
11,29,1,23.5667,0,0,0,0,1,111295,"HANSON"
11,18,1,13.2,0,0,0,0,1,111295,"HANSON"
11,20,0,5.35,1,0,0,0,1,111295,"HANSON"
11,20,0,0.7,1,0,0,0,1,111295,"HUSTED"
11,20,0,21.85,1,1,1,0,1,111295,"ELLIOTT"
11,20,1,18.45,1,1,1,0,1,111295,"CARNEY"
11,47,1,12.2167,0,1,1,0,1,111295,"ELLIOTT"
11,48,0,3.2833,0,1,1,0,1,111295,"ELLIOTT"
11,45,0,1.0667,0,1,1,0,0,111295,"CARNEY"
11,34,0,3.9667,0,1,1,0,1,111295,"ELLIOTT"
11,29,1,20.9167,0,1,1,0,0,111295,"STOYANOV"
11,20,0,9.6833,1,1,1,0,1,111295,"BAHR"
11,18,1,1.5667,0,1,1,0,0,111295,"BAHR"
11,36,1,0.2333,0,1,1,0,1,111295,"STOYANOV"
11,55,1,0,0,1,1,0,1,111295,"BAHR"
11,20,0,25.5667,1,1,1,0,1,111295,"BAHR"
11,20,1,21.2333,1,1,1,0,1,111295,"STOYANOV"
11,20,0,16.85,1,1,1,0,1,111295,"BAHR"
11,20,0,8.6,1,1,1,0,1,111295,"BAHR"
11,47,0,2.7,0,1,1,0,1,111295,"BAHR"
11,29,0,0,0,1,0,0,1,111395,"STOVER"
11,38,0,23.5333,0,1,0,0,1,111395,"N_JOHNSN"
11,20,0,8.7833,1,1,0,0,1,111395,"N_JOHNSN"
12,20,0,26.3833,1,1,1,0,1,112095,"WILKINS"
12,20,1,14.8167,1,1,1,0,1,112095,"STOYANOV"
12,33,0,2.8833,0,1,1,0,1,112095,"WILKINS"
12,20,0,20.0667,1,1,1,0,1,112095,"WILKINS"
12,31,0,10.0667,0,1,1,0,1,112095,"WILKINS"
12,20,0,13.6,1,0,0,0,1,111995,"ANDERSEN"
12,40,0,0,0,0,0,0,0,111995,"ANDERSEN"
12,20,0,24.3,1,0,0,0,1,111995,"ANDERSEN"
12,39,1,25.8667,0,1,1,0,1,111995,"PETERSON"
12,20,0,14.3333,1,1,1,0,1,111995,"PETERSON"
12,52,0,11.8,0,1,1,0,0,111995,"PETERSON"
12,20,1,9.9667,1,1,1,0,1,111995,"MURRAY"
12,20,0,20.55,1,1,1,0,1,111995,"PETERSON"
12,48,0,12.3167,0,1,1,0,1,111995,"MURRAY"
12,20,0,7.7667,1,1,1,0,1,111995,"PETERSON"
12,20,0,1.3,1,1,1,0,1,111995,"MURRAY"
12,20,0,28.45,1,1,1,0,1,111995,"ELAM"
12,20,0,24.2333,1,1,1,0,1,111995,"ELAM"
12,20,0,15.0667,1,1,1,0,1,111995,"ELAM"
12,20,0,15,1,1,1,0,1,111995,"CARNEY"
12,20,0,9.95,0,1,1,0,1,111995,"ELAM"
12,29,0,3.4,0,1,1,0,1,111995,"CARNEY"
12,35,0,0.25,0,1,1,0,1,111995,"ELAM"
12,32,0,23.1167,0,1,1,0,1,111995,"CARNEY"
12,20,0,14.95,1,1,1,0,1,111995,"CARNEY"
12,20,1,9.95,1,1,1,0,1,111995,"CARNEY"
12,32,1,0.0333,0,1,1,0,1,111995,"ELAM"
12,50,0,22.0667,0,1,0,0,1,111995,"N_JOHNSN"
12,20,0,17.6667,1,1,0,0,1,111995,"PELFREY"
12,20,0,11.4667,1,1,0,0,1,111995,"PELFREY"
12,20,0,7.3,1,1,0,0,1,111995,"N_JOHNSN"
12,27,0,4.55,0,1,0,0,1,111995,"PELFREY"
12,20,0,25.5167,1,1,0,0,1,111995,"PELFREY"
12,20,0,21.7667,1,1,0,0,1,111995,"N_JOHNSN"
12,20,0,9.55,1,1,0,0,1,111995,"N_JOHNSN"
12,20,0,4.15,1,1,0,0,1,111995,"N_JOHNSN"
12,20,0,23.9667,1,0,0,0,1,111995,"REVEIZ"
12,20,0,19.9667,1,0,0,0,1,111995,"REVEIZ"
12,20,0,6.8667,0,0,0,0,1,111995,"REVEIZ"
12,20,0,3.9333,1,0,0,0,1,111995,"BRIEN"
12,40,0,0.8833,0,0,0,0,0,111995,"BRIEN"
12,30,0,24.9833,0,0,0,0,1,111995,"BRIEN"
12,20,0,8.7333,1,0,0,0,1,111995,"REVEIZ"
12,20,1,14.8667,1,1,1,0,1,111995,"HOLLIS"
12,20,0,8.1833,1,1,1,0,1,111995,"HUSTED"
12,41,1,25.4167,0,1,1,0,1,111995,"BAHR"
12,20,0,9.7833,1,1,1,0,1,111995,"BLANCHAR"
12,36,0,5.1,0,1,1,0,1,111995,"BLANCHAR"
12,20,0,1.3333,1,1,1,0,1,111995,"BLANCHAR"
12,20,0,16.7833,1,1,1,0,1,111995,"BAHR"
12,20,0,8.9167,1,1,1,0,1,111995,"BLANCHAR"
12,20,0,14.9167,1,1,1,0,1,111995,"ELLIOTT"
12,21,0,8.25,0,1,1,0,1,111995,"ELLIOTT"
12,20,1,1.7667,1,1,1,0,1,111995,"DELGRECO"
12,20,0,0.25,1,1,1,0,1,111995,"ELLIOTT"
12,46,1,26.4833,0,1,1,0,1,111995,"STOVER"
12,20,0,20.0667,1,1,1,0,1,111995,"JACKE"
12,20,0,11.45,1,1,1,0,1,111995,"JACKE"
12,28,0,23.6,0,1,1,0,1,111995,"STOVER"
12,28,0,17.75,0,1,1,0,1,111995,"JACKE"
12,20,0,12.15,1,1,1,0,1,111995,"STOVER"
12,20,0,8.3833,1,1,1,0,1,111995,"JACKE"
12,20,0,7.6833,1,1,1,0,1,111995,"STOVER"
12,20,0,21.7333,1,1,1,1,1,111995,"BUTLER"
12,43,1,10.1333,0,1,1,1,0,111995,"HANSON"
12,25,1,0,0,1,1,1,1,111995,"HANSON"
12,39,1,24.2167,0,1,1,1,1,111995,"BUTLER"
12,20,0,16.15,1,1,1,1,1,111995,"HANSON"
12,20,1,13.7333,1,1,1,1,1,111995,"BUTLER"
12,25,1,6.7333,0,1,1,1,0,111995,"BUTLER"
12,52,1,3.7667,0,1,1,1,0,111995,"BUTLER"
12,20,0,2.5333,1,1,1,1,1,111995,"HANSON"
12,30,1,23.7667,0,1,0,0,1,111995,"LOWERY"
12,20,0,16.5833,1,1,0,0,1,111995,"CHRISTIE"
12,42,0,0,0,1,0,0,0,111995,"CHRISTIE"
12,20,0,28.6,1,1,0,0,1,111995,"LOWERY"
12,20,0,25.6833,1,1,0,0,1,111995,"CHRISTIE"
12,35,0,22.8833,0,1,0,0,1,111995,"LOWERY"
12,32,0,18.6333,0,1,0,0,0,111995,"CHRISTIE"
12,20,0,13.85,1,1,1,0,1,111995,"KASAY"
12,20,0,11.8667,1,1,1,0,1,111995,"KASAY"
12,37,0,0,0,1,1,0,0,111995,"KASAY"
12,20,0,0,1,1,1,0,1,111995,"G_DAVIS"
12,42,0,22.0333,0,1,1,0,1,111995,"KASAY"
12,30,0,15.4,0,1,1,0,1,111995,"KASAY"
13,20,0,17.2167,1,1,1,0,1,112695,"JACKE"
13,20,1,12.7833,1,1,1,0,1,112695,"HUSTED"
13,19,1,3.4833,0,1,1,0,1,112695,"HUSTED"
13,20,0,2.2,1,1,1,0,1,112695,"JACKE"
13,48,0,23.5167,0,1,1,0,1,112695,"HUSTED"
13,20,0,15.3333,1,1,1,0,1,112695,"JACKE"
13,56,1,25.4333,0,0,0,0,1,112695,"ELAM"
13,20,0,24.8833,1,0,0,0,1,112695,"DELGRECO"
13,20,0,23.15,1,0,0,0,1,112695,"ELAM"
13,20,0,18.0833,1,0,0,0,1,112695,"DELGRECO"
13,48,0,12.35,0,0,0,0,0,112695,"ELAM"
13,20,0,8.8167,1,0,0,0,1,112695,"DELGRECO"
13,20,0,3.5167,1,0,0,0,1,112695,"ELAM"
13,20,0,1.3333,1,0,0,0,1,112695,"DELGRECO"
13,20,0,23.55,1,0,0,0,1,112695,"DELGRECO"
13,35,0,12.1333,0,0,0,0,1,112695,"ELAM"
13,20,0,6.8167,1,0,0,0,1,112695,"DELGRECO"
13,20,0,23.8167,1,0,0,0,1,112695,"BLANCHAR"
13,29,0,12.5667,0,0,0,0,1,112695,"BLANCHAR"
13,20,0,7.6667,1,0,0,0,1,112695,"BLANCHAR"
13,20,1,5.05,1,1,0,0,0,112695,"CHRISTIE"
13,48,1,1.8333,0,1,0,0,1,112695,"CHRISTIE"
13,43,0,27.05,0,1,0,0,1,112695,"BAHR"
13,20,0,14.9333,1,1,0,0,1,112695,"BAHR"
13,20,0,0.95,1,1,0,0,1,112695,"BAHR"
13,20,0,26.9667,1,0,0,0,1,112695,"LOWERY"
13,50,0,19.0667,0,0,0,0,0,112695,"LOWERY"
13,38,0,11.0167,0,0,0,0,1,112695,"LOWERY"
13,33,0,0.65,0,0,0,0,1,112695,"LOWERY"
13,20,0,23.4333,1,0,0,0,1,112695,"PETERSON"
13,42,0,21.05,0,0,0,0,1,112695,"PETERSON"
13,41,0,6.25,0,0,0,0,1,112695,"LOWERY"
13,42,1,20.0167,0,1,1,0,0,112695,"MURRAY"
13,50,0,0.35,0,1,1,0,0,112695,"MURRAY"
13,20,1,14.3667,1,1,1,0,1,112695,"MURRAY"
13,41,0,8.0333,0,1,1,0,0,112695,"ANDERSON"
13,20,0,19.5,1,1,1,0,1,112695,"BIASUCCI"
13,20,0,11.35,1,1,1,0,1,112695,"WILKINS"
13,20,0,10.8,1,1,1,0,1,112695,"WILKINS"
13,20,0,0.8167,1,1,1,0,1,112695,"WILKINS"
13,20,0,21.7,1,1,1,0,1,112695,"WILKINS"
13,35,0,10.6667,0,1,1,0,1,112695,"WILKINS"
13,20,0,11.0333,1,1,1,0,1,112695,"ANDERSEN"
13,20,0,7.4333,1,1,1,0,1,112695,"ANDERSEN"
13,20,0,2.1167,1,1,1,0,1,112695,"G_DAVIS"
13,20,1,0.4833,1,1,1,0,1,112695,"G_DAVIS"
13,20,0,27.9667,1,1,1,0,1,112695,"ANDERSEN"
13,20,1,15.85,1,1,1,0,1,112695,"G_DAVIS"
13,45,1,0,0,1,1,0,0,112695,"G_DAVIS"
13,28,1,0,0,1,1,0,1,112695,"G_DAVIS"
13,20,0,17,1,0,0,0,1,112695,"BRIEN"
13,20,0,7.9833,1,0,0,0,1,112695,"BRIEN"
13,45,0,0.1333,0,0,0,0,1,112695,"BRIEN"
13,39,0,28.4,0,0,0,0,1,112695,"BRIEN"
13,20,0,4.9,1,0,0,0,1,112695,"BRIEN"
13,20,0,0.3833,1,0,0,0,1,112695,"KASAY"
13,20,1,18.6833,1,1,0,0,1,112695,"DALUISO"
13,27,1,12.85,0,1,0,0,0,112695,"BUTLER"
13,20,0,4.6667,1,1,0,0,1,112695,"DALUISO"
13,22,1,21.2667,0,1,0,0,1,112695,"DALUISO"
13,20,0,11.2667,1,1,0,0,1,112695,"BUTLER"
13,20,1,6.45,1,1,0,0,1,112695,"DALUISO"
13,37,1,0.1167,0,1,0,0,1,112695,"BUTLER"
13,20,1,9.3167,1,1,1,0,1,112695,"HOLLIS"
13,41,1,3.95,0,1,1,0,0,112695,"HOLLIS"
13,47,1,0.05,0,1,1,0,0,112695,"HOLLIS"
13,36,1,19.4167,0,1,1,0,1,112695,"HOLLIS"
13,31,1,11.45,0,1,1,0,1,112695,"PELFREY"
13,39,1,3.3167,0,1,1,0,1,112695,"HOLLIS"
13,20,0,0.2833,1,1,1,0,1,112695,"PELFREY"
13,33,1,22.7833,0,1,1,0,1,112695,"N_JOHNSN"
13,20,0,21.7167,1,1,1,0,1,112695,"N_JOHNSN"
13,44,0,9.3667,0,1,1,0,1,112695,"STOVER"
13,20,0,4.0667,1,1,1,0,1,112695,"N_JOHNSN"
13,20,0,0.5167,1,1,1,0,1,112695,"STOVER"
13,27,1,14.8833,0,1,1,0,1,112695,"N_JOHNSN"
13,20,0,23.6833,1,1,0,1,1,112395,"BONIOL"
13,20,0,15.4833,1,1,0,1,1,112395,"BONIOL"
13,34,0,1.8333,0,1,0,1,1,112395,"ELLIOTT"
13,37,0,0.0667,0,1,0,1,1,112395,"ELLIOTT"
13,20,0,21.05,1,1,0,1,1,112395,"BONIOL"
13,20,0,10.9333,0,1,0,1,1,112395,"BONIOL"
13,20,0,16.8167,1,0,0,0,1,112395,"HANSON"
13,20,0,15.3167,1,0,0,0,1,112395,"REVEIZ"
13,20,0,10.05,1,0,0,0,1,112395,"HANSON"
13,38,0,7.8833,0,0,0,0,0,112395,"REVEIZ"
13,20,1,6.15,1,0,0,0,1,112395,"REVEIZ"
13,20,0,0.4,1,0,0,0,1,112395,"REVEIZ"
13,20,0,18.7833,1,0,0,0,1,112395,"HANSON"
13,40,0,10.2167,0,0,0,0,0,112395,"HANSON"
13,20,0,5.3,1,0,0,0,1,112395,"HANSON"
13,39,0,0.5833,0,0,0,0,1,112395,"HANSON"
14,20,0,25.8167,1,1,1,0,1,120395,"BRIEN"
14,20,0,19.4333,1,1,1,0,1,120395,"BRIEN"
14,20,1,2.9833,1,1,1,0,1,120395,"BAHR"
14,24,1,0.6333,0,1,1,0,1,120395,"BRIEN"
14,39,1,14.9333,0,1,1,0,1,120395,"BAHR"
14,43,0,8.7167,0,1,1,0,0,120395,"BAHR"
14,20,0,8.5,1,1,1,0,1,120395,"BRIEN"
14,47,1,21.5833,0,1,1,0,1,120395,"HOLLIS"
14,20,0,0.1333,1,1,1,0,1,120395,"HOLLIS"
14,20,0,27.6667,1,1,1,0,1,120395,"BLANCHAR"
14,47,0,15.8333,0,1,1,0,1,120395,"BLANCHAR"
14,20,0,4.25,1,1,1,0,1,120395,"KASAY"
14,48,1,14.1167,0,1,1,0,0,120395,"KASAY"
14,38,1,0.1333,0,1,1,0,1,120395,"KASAY"
14,20,0,15,1,1,0,0,1,120395,"N_JOHNSN"
14,20,1,6.8333,1,1,0,0,1,120395,"DELGRECO"
14,20,0,0.3167,1,1,0,0,1,120395,"N_JOHNSN"
14,20,0,3.45,1,1,0,0,1,120395,"N_JOHNSN"
14,42,1,23.35,0,1,1,0,1,120395,"STOYANOV"
14,20,0,17.8667,1,1,1,0,1,120395,"ANDERSEN"
14,20,0,3.6167,1,1,1,0,1,120395,"ANDERSEN"
14,21,0,18.35,0,1,1,0,0,120395,"STOYANOV"
14,20,0,16.7167,1,1,0,0,1,120395,"BIASUCCI"
14,20,1,1.85,1,1,0,0,1,120395,"LOWERY"
14,34,1,26.0167,0,1,0,0,1,120395,"LOWERY"
14,20,0,16.6833,1,1,0,0,1,120395,"BIASUCCI"
14,23,0,12.8833,0,1,0,0,1,120395,"LOWERY"
14,20,0,10.75,1,1,0,0,1,120395,"BIASUCCI"
14,20,0,18.5667,1,0,0,0,1,120395,"PETERSON"
14,20,0,13.0833,1,0,0,0,1,120395,"PETERSON"
14,32,0,6.9833,0,0,0,0,0,120395,"ANDERSON"
14,20,0,1.2333,1,0,0,0,1,120395,"ANDERSON"
14,47,0,0,0,0,0,0,1,120395,"PETERSON"
14,20,0,13.7167,1,0,0,0,1,120395,"ANDERSON"
14,45,0,3.9167,0,0,0,0,1,120395,"PETERSON"
14,20,0,20.7667,1,0,0,0,1,120395,"REVEIZ"
14,20,0,17.2667,1,0,0,0,1,120395,"REVEIZ"
14,20,0,13.5333,1,0,0,0,1,120395,"HUSTED"
14,20,0,9.4333,1,0,0,0,1,120395,"REVEIZ"
14,43,0,3.5167,0,0,0,0,0,120395,"REVEIZ"
14,42,0,14.75,0,0,0,0,1,120395,"REVEIZ"
14,20,0,8.3667,1,1,0,0,1,120395,"BONIOL"
14,20,1,1.3667,1,1,0,0,1,120395,"MURRAY"
14,37,1,0,0,1,0,0,1,120395,"BONIOL"
14,20,0,20.0167,1,1,0,0,1,120395,"MURRAY"
14,20,0,8.75,1,1,0,0,1,120395,"MURRAY"
14,47,0,3.5,0,1,0,0,1,120395,"MURRAY"
14,20,0,1.8,1,1,0,0,1,120395,"BONIOL"
14,20,0,24.75,1,1,1,0,1,120395,"WILKINS"
14,23,0,15.4667,0,1,1,0,1,120395,"CHRISTIE"
14,46,0,9.7167,0,1,1,0,0,120395,"WILKINS"
14,20,1,0.0333,0,1,1,0,1,120395,"WILKINS"
14,20,0,24.0833,1,1,1,0,1,120395,"WILKINS"
14,40,0,14.1833,0,1,1,0,1,120395,"WILKINS"
14,20,0,10.8667,1,1,1,0,1,120395,"CHRISTIE"
14,20,0,7.95,1,1,1,0,1,120395,"WILKINS"
14,28,1,9.8667,0,1,1,0,1,120395,"PELFREY"
14,20,0,1,1,1,1,0,1,120395,"PELFREY"
14,20,1,0.1,1,1,1,0,1,120395,"JACKE"
14,20,0,14.2,1,1,1,0,1,120395,"JACKE"
14,20,0,15.8667,1,0,0,0,1,120495,"HANSON"
14,53,0,3.2,0,0,0,0,0,120495,"BUTLER"
14,20,0,1.5167,1,0,0,0,1,120495,"HANSON"
14,20,0,21.1,1,0,0,0,1,120495,"BUTLER"
14,36,0,14.6167,0,0,0,0,1,120495,"HANSON"
14,44,1,13.5333,0,1,1,0,1,113095,"G_DAVIS"
14,46,1,8.0167,0,1,1,0,0,113095,"DALUISO"
14,28,0,3.0833,0,1,1,0,1,113095,"G_DAVIS"
14,51,0,0.25,0,1,1,0,1,113095,"DALUISO"
14,20,0,23.2,1,1,1,0,1,113095,"DALUISO"
14,47,0,19.7667,0,1,1,0,0,113095,"DALUISO"
15,25,1,26.2333,0,0,0,0,1,121095,"ANDERSEN"
15,55,0,0.0833,0,0,0,0,1,121095,"ANDERSEN"
15,20,0,22.7167,1,0,0,0,1,121095,"ANDERSEN"
15,20,0,14.3,1,0,0,0,1,121095,"BRIEN"
15,20,0,6.0833,1,0,0,0,1,121095,"BRIEN"
15,20,0,29.75,1,1,1,0,1,121095,"BLANCHAR"
15,27,0,26.1167,0,1,1,0,0,121095,"HOLLIS"
15,20,0,18.6333,1,1,1,0,1,121095,"BLANCHAR"
15,20,0,12.9,1,1,1,0,1,121095,"HOLLIS"
15,20,0,5.7333,1,1,1,0,1,121095,"BLANCHAR"
15,22,0,2.8333,0,1,1,0,1,121095,"BLANCHAR"
15,44,0,18.3833,0,1,1,0,1,121095,"BLANCHAR"
15,20,0,12.2833,1,1,1,0,1,121095,"HOLLIS"
15,20,0,8.0667,1,1,1,0,1,121095,"BLANCHAR"
15,20,0,6.4,1,1,1,0,1,121095,"HOLLIS"
15,20,0,2.8167,1,1,1,0,1,121095,"BLANCHAR"
15,20,0,1.0833,1,1,1,0,1,121095,"HOLLIS"
15,37,1,18.8167,0,1,1,0,0,120995,"G_DAVIS"
15,20,0,13.1333,1,1,1,0,1,120995,"CARNEY"
15,20,1,7.2167,1,1,1,0,1,120995,"G_DAVIS"
15,20,1,0.6167,1,1,1,0,1,120995,"CARNEY"
15,20,0,29.75,1,1,1,0,1,120995,"CARNEY"
15,36,0,19.7833,0,1,1,0,1,120995,"G_DAVIS"
15,36,1,23.9167,0,1,0,1,0,121095,"MURRAY"
15,36,1,16.75,0,1,0,1,1,121095,"DALUISO"
15,34,1,12.3,0,1,0,1,1,121095,"MURRAY"
15,20,0,11.9833,1,1,0,1,1,121095,"DALUISO"
15,42,0,1.1833,0,1,0,1,1,121095,"DALUISO"
15,47,0,22.9333,0,1,0,1,0,121095,"MURRAY"
15,30,0,14.8167,0,1,0,1,1,121095,"MURRAY"
15,20,0,1.2,1,1,0,1,1,121095,"DALUISO"
15,20,0,25.7833,1,1,1,0,1,121095,"WILKINS"
15,20,0,5.1667,1,1,1,0,1,121095,"WILKINS"
15,43,0,2.3667,0,1,1,0,1,121095,"KASAY"
15,20,0,0.5,1,1,1,0,1,121095,"WILKINS"
15,20,0,18.1167,1,1,1,0,1,121095,"WILKINS"
15,20,0,10.7833,0,1,1,0,1,121095,"WILKINS"
15,20,0,26.1333,1,1,1,0,1,121095,"ELAM"
15,29,0,18.3167,0,1,1,0,1,121095,"ELAM"
15,20,0,12.7667,1,1,1,0,1,121095,"ELAM"
15,46,0,5,0,1,1,0,1,121095,"ELAM"
15,36,0,1.25,0,1,1,0,1,121095,"PETERSON"
15,66,0,0,0,1,1,0,0,121095,"ELAM"
15,20,0,24.15,1,1,1,0,1,121095,"PETERSON"
15,20,0,11.1,1,1,1,0,1,121095,"PETERSON"
15,20,0,4.1667,1,1,1,0,1,121095,"PETERSON"
15,20,0,0.8167,1,1,1,0,1,121095,"PETERSON"
15,20,0,13.1833,1,1,1,1,1,121095,"LOWERY"
15,20,1,12.0833,1,1,1,1,1,121095,"BAHR"
15,31,1,6,0,1,1,1,0,121095,"BAHR"
15,20,1,18.7167,1,1,1,1,1,121095,"BAHR"
15,20,0,5.65,1,1,1,1,1,121095,"BAHR"
15,20,0,21.1833,1,0,0,0,1,121095,"HANSON"
15,20,1,0.0833,1,0,0,0,1,121095,"DELGRECO"
15,36,1,1.7333,0,0,0,0,1,121095,"HANSON"
15,20,0,1.3333,1,0,0,0,1,121095,"HANSON"
15,49,0,0.4333,0,0,0,0,0,121095,"HANSON"
15,47,0,15.25,0,0,0,0,1,121095,"DELGRECO"
15,20,0,8.7833,1,0,0,0,1,121095,"DELGRECO"
15,42,1,23.8333,0,1,0,1,1,121095,"ANDERSON"
15,20,0,18.0667,1,1,0,1,1,121095,"BONIOL"
15,21,0,9.1167,0,1,0,1,1,121095,"BONIOL"
15,27,0,15.05,0,1,0,1,1,121095,"ANDERSON"
15,38,1,3,0,1,0,1,1,121095,"ANDERSON"
15,20,0,14.1833,1,0,0,0,1,120995,"REVEIZ"
15,26,0,7.1667,0,0,0,0,1,120995,"STOVER"
15,28,0,2.3333,0,0,0,0,1,120995,"REVEIZ"
15,20,0,20.7167,1,0,0,0,1,120995,"REVEIZ"
15,20,0,12.9833,1,0,0,0,1,120995,"REVEIZ"
15,50,0,3.2167,0,0,0,0,0,120995,"REVEIZ"
15,28,1,21.8667,0,1,0,1,1,121095,"PELFREY"
15,37,0,11.6833,0,1,0,1,1,121095,"PELFREY"
15,27,0,0.65,0,1,0,1,1,121095,"BUTLER"
15,39,0,19.7833,0,1,0,1,1,121095,"PELFREY"
15,20,0,18.5667,1,1,0,1,1,121095,"PELFREY"
15,42,0,5.3667,0,1,0,1,0,121095,"PELFREY"
15,20,0,23.9,1,0,0,0,1,121095,"CHRISTIE"
15,20,1,20.4833,1,0,0,0,1,121095,"BIASUCCI"
15,28,1,18.25,0,0,0,0,1,121095,"BIASUCCI"
15,20,0,5.4833,1,0,0,0,1,121095,"CHRISTIE"
15,50,0,1.1,0,0,0,0,0,121095,"CHRISTIE"
15,37,0,0,0,0,0,0,1,121095,"BIASUCCI"
15,20,0,21.4833,1,0,0,0,1,121095,"CHRISTIE"
15,51,0,19.5667,0,0,0,0,1,121095,"BIASUCCI"
15,25,0,6.8667,0,0,0,0,1,121095,"BIASUCCI"
15,45,1,19.2833,0,1,1,0,0,121095,"JACKE"
15,51,1,4.2167,0,1,1,0,1,121095,"JACKE"
15,20,0,23.7333,1,1,1,0,1,121095,"HUSTED"
15,45,1,0.0833,0,1,1,0,0,121095,"JACKE"
15,47,1,0,0,1,1,0,1,121095,"HUSTED"
15,33,1,24.5167,0,1,1,0,1,121195,"STOYANOV"
15,33,0,16.5,0,1,1,0,1,121195,"STOYANOV"
15,20,0,2.7,1,1,1,0,1,121195,"STOYANOV"
15,20,0,5.0667,1,1,1,0,0,121195,"ELLIOTT"
16,20,0,25.9667,1,0,0,0,1,121695,"JACKE"
16,20,1,22.2833,1,0,0,0,1,121695,"BRIEN"
16,20,0,21.2333,1,0,0,0,1,121695,"JACKE"
16,20,0,14.9,1,0,0,0,1,121695,"JACKE"
16,20,0,4.2333,1,0,0,0,1,121695,"JACKE"
16,20,0,0.3167,1,0,0,0,1,121695,"BRIEN"
16,44,0,26.3333,0,0,0,0,0,121695,"BRIEN"
16,20,0,15.2,1,0,0,0,1,121695,"JACKE"
16,43,1,26.3833,0,1,0,0,0,121695,"N_JOHNSN"
16,23,1,15.7833,0,1,0,0,1,121695,"BAHR"
16,32,1,11.6333,0,1,0,0,1,121695,"N_JOHNSN"
16,22,1,2.25,0,1,0,0,1,121695,"BAHR"
16,20,0,1.2167,1,1,0,0,1,121695,"N_JOHNSN"
16,20,0,0.2167,1,1,0,0,1,121695,"N_JOHNSN"
16,20,0,21.9,1,1,0,0,1,121695,"N_JOHNSN"
16,20,0,12.0833,1,1,0,0,1,121695,"BAHR"
16,32,0,7.8667,0,1,0,0,1,121695,"N_JOHNSN"
16,20,0,1.15,1,1,0,0,1,121695,"N_JOHNSN"
16,20,0,14.9167,1,1,1,0,1,121795,"STOVER"
16,37,0,7.2833,0,1,1,0,1,121795,"STOVER"
16,22,0,2.6667,0,1,1,0,0,121795,"PELFREY"
16,20,0,0.3167,1,1,1,0,1,121795,"STOVER"
16,42,0,26.25,0,1,1,0,1,121795,"STOVER"
16,19,0,22.05,0,1,1,0,1,121795,"STOVER"
16,35,0,10.05,0,1,1,0,1,121795,"STOVER"
16,20,0,6.85,1,1,1,0,1,121795,"PELFREY"
16,20,0,21.8,1,1,1,0,1,121795,"ANDERSEN"
16,20,0,16.5,1,1,1,0,1,121795,"ANDERSEN"
16,34,0,0.1167,0,1,1,0,1,121795,"ANDERSEN"
16,20,0,7.1,1,1,1,0,1,121795,"KASAY"
16,37,1,28.2167,0,1,0,0,1,121795,"G_DAVIS"
16,35,0,22.0333,0,1,0,0,1,121795,"G_DAVIS"
16,37,0,6.3167,0,1,0,0,1,121795,"G_DAVIS"
16,20,0,6.0667,1,1,0,0,1,121795,"ANDERSON"
16,20,0,27.2167,1,1,0,0,1,121795,"ANDERSON"
16,48,0,20.4333,0,1,0,0,0,121795,"ANDERSON"
16,47,1,1.9167,0,1,0,0,0,121795,"G_DAVIS"
16,39,0,9.3333,0,0,0,0,0,121795,"BLANCHAR"
16,20,0,1.8,1,0,0,0,1,121795,"BLANCHAR"
16,39,1,0.35,0,0,0,0,0,121795,"CARNEY"
16,20,0,17.9333,1,0,0,0,1,121795,"CARNEY"
16,42,0,13.2667,0,0,0,0,1,121795,"BLANCHAR"
16,20,0,11.35,1,0,0,0,1,121795,"CARNEY"
16,33,1,1.9833,0,0,0,0,1,121795,"CARNEY"
16,43,1,0.05,0,0,0,0,1,121795,"CARNEY"
16,20,1,18.65,0,1,0,0,1,121795,"CHRISTIE"
16,24,0,10.5333,0,1,0,0,1,121795,"CHRISTIE"
16,50,0,5.7167,0,1,0,0,1,121795,"STOYANOV"
16,20,0,0.6333,1,1,0,0,1,121795,"CHRISTIE"
16,30,0,24.65,0,1,0,0,1,121795,"STOYANOV"
16,20,1,22.7333,1,1,0,0,1,121795,"STOYANOV"
16,20,0,15.0833,1,1,0,0,1,121795,"CHRISTIE"
16,20,1,9.1833,1,1,0,0,1,121795,"STOYANOV"
16,25,1,6.1833,0,1,0,0,1,121795,"CHRISTIE"
16,38,1,24.4667,0,0,0,0,1,121795,"HANSON"
16,27,0,15.3167,0,0,0,0,0,121795,"HOLLIS"
16,20,0,12.8167,1,0,0,0,1,121795,"HANSON"
16,20,0,0.6667,1,0,0,0,1,121795,"HANSON"
16,33,0,24.65,0,0,0,0,1,121795,"HANSON"
16,20,0,19.1833,1,0,0,0,1,121795,"HANSON"
16,20,0,10.8667,1,0,0,0,1,121795,"HANSON"
16,20,0,3.0167,1,1,1,0,1,121795,"ELLIOTT"
16,20,0,0.05,1,1,1,0,1,121795,"ELAM"
16,49,0,19.6167,0,1,1,0,1,121795,"ELAM"
16,37,0,14.8667,0,1,1,0,0,121795,"ELLIOTT"
16,20,0,0.2,1,1,1,0,1,121795,"ELAM"
16,20,0,18.4833,1,0,0,0,1,121795,"BIASUCCI"
16,20,0,15,1,0,0,0,1,121795,"MURRAY"
16,54,0,0,0,0,0,0,0,121795,"BIASUCCI"
16,20,0,22.9833,1,0,0,0,1,121795,"MURRAY"
16,20,0,20.7833,1,0,0,0,1,121795,"MURRAY"
16,20,0,13.7667,1,0,0,0,1,121795,"BIASUCCI"
16,20,0,7.7,1,0,0,0,1,121795,"MURRAY"
16,49,1,19.9167,0,0,0,0,1,121795,"DELGRECO"
16,53,0,0.05,0,0,0,0,1,121795,"DELGRECO"
16,24,0,10.4,0,0,0,0,1,121795,"DELGRECO"
16,20,0,4.5833,1,0,0,0,1,121795,"DELGRECO"
16,27,1,25.3167,0,1,0,0,1,121795,"BONIOL"
16,40,1,14.9333,0,1,0,0,0,121795,"DALUISO"
16,20,0,0.2333,1,1,0,0,1,121795,"DALUISO"
16,23,0,26.3833,0,1,0,0,1,121795,"BONIOL"
16,45,0,19.7167,0,1,0,0,1,121795,"BONIOL"
16,20,0,14.8833,0,1,0,0,1,121795,"DALUISO"
16,27,1,5.2833,0,1,0,0,1,121795,"DALUISO"
16,35,1,0,0,1,0,0,1,121795,"BONIOL"
16,20,0,29.6333,1,1,1,0,1,121795,"BUTLER"
16,20,1,25.25,1,1,1,0,1,121795,"HUSTED"
16,20,0,14.3167,1,1,1,0,1,121795,"BUTLER"
16,50,0,7.4833,0,1,1,0,1,121795,"HUSTED"
16,26,0,1.7833,0,1,1,0,0,121795,"BUTLER"
16,20,0,23.5167,1,1,1,0,1,121795,"BUTLER"
16,23,0,17.3,0,1,1,0,1,121795,"BUTLER"
16,20,0,10.3833,1,1,1,0,1,121795,"BUTLER"
16,20,0,21.4833,1,1,1,0,0,121895,"WILKINS"
16,20,0,16.4167,1,1,1,0,1,121895,"WILKINS"
16,20,0,8.05,1,1,1,0,1,121895,"REVEIZ"
16,20,0,6.1667,1,1,1,0,0,121895,"WILKINS"
16,20,0,2.6667,1,1,1,0,1,121895,"REVEIZ"
16,20,1,23.2333,1,1,1,0,1,121895,"REVEIZ"
16,20,1,19.3333,0,1,1,0,1,121895,"WILKINS"
16,20,0,12.2333,1,1,1,0,1,121895,"WILKINS"
16,38,0,6.7,0,1,1,0,1,121895,"REVEIZ"
17,39,1,13.4333,0,1,0,0,1,122495,"DELGRECO"
17,33,0,1.8333,0,1,0,0,1,122495,"DELGRECO"
17,44,0,27.1833,0,1,0,0,1,122495,"CHRISTIE"
17,20,0,19.4,1,1,0,0,1,122495,"DELGRECO"
17,20,0,5.3667,1,1,0,0,1,122495,"CHRISTIE"
17,20,0,1.2333,1,1,0,0,1,122495,"CHRISTIE"
17,20,0,19.3667,1,1,1,0,1,122395,"HANSON"
17,33,0,5.0333,0,1,1,0,1,122395,"HANSON"
17,27,0,0.4167,0,1,1,0,1,122395,"HUSTED"
17,20,0,29.3667,1,1,1,0,1,122395,"HANSON"
17,39,0,15.1667,0,1,1,0,1,122395,"HANSON"
17,45,0,9.3667,0,1,1,0,1,122395,"HANSON"
17,20,0,7.2,1,1,1,0,1,122395,"HUSTED"
17,20,0,1.8333,1,1,1,0,1,122395,"HANSON"
17,20,0,24.4,1,0,0,0,1,122495,"WILKINS"
17,20,0,16.9667,1,0,0,0,1,122495,"WILKINS"
17,20,0,13.7333,1,0,0,0,1,122495,"ANDERSEN"
17,20,0,12.2667,1,0,0,0,1,122495,"WILKINS"
17,28,0,1.8333,0,0,0,0,1,122495,"ANDERSEN"
17,59,0,0.1333,0,0,0,0,1,122495,"ANDERSEN"
17,39,1,12.6333,0,0,0,0,1,122495,"WILKINS"
17,32,0,3.6,0,0,0,0,1,122495,"WILKINS"
17,20,0,29.75,1,1,1,0,1,122495,"ELLIOTT"
17,34,0,13.5833,0,1,1,0,1,122495,"PETERSON"
17,20,0,22.4167,0,1,1,0,1,122495,"ELLIOTT"
17,27,0,4.5667,0,1,1,0,1,122495,"ELLIOTT"
17,20,0,14.3,1,1,1,0,1,122495,"JACKE"
17,33,0,5.05,0,1,1,0,1,122495,"N_JOHNSN"
17,20,0,1.9333,1,1,1,0,1,122495,"JACKE"
17,20,0,24.4333,1,1,1,0,1,122495,"JACKE"
17,25,0,18.2,0,1,1,0,1,122495,"N_JOHNSN"
17,47,0,13.4333,0,1,1,0,1,122495,"JACKE"
17,20,0,26.8333,1,1,1,0,1,122495,"BUTLER"
17,40,0,18.6667,0,1,1,0,0,122495,"BUTLER"
17,20,1,14.9333,1,1,1,0,1,122495,"ANDERSON"
17,27,1,9.9167,0,1,1,0,1,122495,"BUTLER"
17,20,0,2.35,1,1,1,0,1,122495,"BUTLER"
17,20,0,13.9667,1,1,1,0,1,122495,"ANDERSON"
17,28,0,10.3,0,1,1,0,1,122495,"BUTLER"
17,37,0,1.15,0,1,1,0,0,122495,"BUTLER"
17,53,0,17.05,0,1,0,1,0,122495,"BRIEN"
17,34,0,14.9333,0,1,0,1,0,122495,"BRIEN"
17,23,0,20.8667,0,1,0,1,1,122495,"BRIEN"
17,20,1,24.5833,0,1,0,0,1,122495,"REVEIZ"
17,44,1,21.2667,0,1,0,0,1,122495,"PELFREY"
17,20,0,8.1333,1,1,0,0,1,122495,"REVEIZ"
17,20,0,7.6833,1,1,0,0,1,122495,"REVEIZ"
17,20,0,0.0333,1,1,0,0,1,122495,"REVEIZ"
17,20,0,26.1333,1,1,0,0,1,122495,"PELFREY"
17,20,0,18.3333,1,1,0,0,1,122495,"PELFREY"
17,38,0,11.1333,0,1,0,0,0,122495,"REVEIZ"
17,20,1,8.0167,1,1,0,0,1,122495,"PELFREY"
17,51,1,0,0,1,0,0,1,122495,"PELFREY"
17,42,1,27.3167,0,0,0,0,1,122495,"BIASUCCI"
17,33,1,22.7333,0,0,0,0,1,122495,"STOYANOV"
17,20,0,16.9667,1,0,0,0,1,122495,"STOYANOV"
17,27,0,10.3833,0,0,0,0,1,122495,"BIASUCCI"
17,20,0,7.1667,1,0,0,0,1,122495,"STOYANOV"
17,20,0,3.4667,1,0,0,0,1,122495,"STOYANOV"
17,48,0,0,0,0,0,0,1,122495,"STOYANOV"
17,20,0,17.9167,1,0,0,0,1,122495,"BIASUCCI"
17,32,0,15,0,0,0,0,0,122495,"BIASUCCI"
17,38,0,7.0167,0,0,0,0,1,122495,"BIASUCCI"
17,20,0,3.95,1,0,0,0,1,122495,"STOYANOV"
17,20,0,1.3167,1,0,0,0,1,122495,"STOYANOV"
17,42,1,26.3,0,1,1,0,1,122495,"HOLLIS"
17,20,0,19.0833,1,1,1,0,1,122495,"HOLLIS"
17,20,0,14.8167,1,1,1,0,1,122495,"STOVER"
17,21,0,3.6333,0,1,1,0,1,122495,"HOLLIS"
17,20,1,22.5333,1,1,1,0,1,122495,"STOVER"
17,20,1,1.2167,1,1,1,0,1,122495,"STOVER"
17,34,1,0,0,1,1,0,1,122495,"HOLLIS"
17,42,1,23.9,0,1,1,0,1,122495,"KASAY"
17,20,1,0.3667,1,1,1,0,1,122495,"KASAY"
17,20,0,18.8833,1,1,1,0,1,122495,"MURRAY"
17,20,0,0.5833,1,1,1,0,1,122495,"KASAY"
17,20,0,27.6333,1,1,1,0,1,122595,"BONIOL"
17,39,0,17.7,0,1,1,0,1,122595,"BONIOL"
17,20,0,7.5167,1,1,1,0,1,122595,"BONIOL"
17,20,0,26.5,1,1,1,0,1,122595,"G_DAVIS"
17,23,0,23.7833,0,1,1,0,1,122595,"G_DAVIS"
17,23,0,17.55,0,1,1,0,1,122595,"BONIOL"
17,20,0,5.8167,1,1,1,0,1,122595,"BONIOL"
17,30,0,7.0667,0,1,0,1,1,122395,"CARNEY"
17,20,0,0.2333,1,1,0,1,1,122395,"DALUISO"
17,20,0,24.85,1,1,0,1,1,122395,"CARNEY"
17,42,0,21.8333,0,1,0,1,0,122395,"DALUISO"
17,20,1,9.0667,1,1,0,1,1,122395,"CARNEY"
17,20,0,5.7333,1,1,0,1,1,122395,"CARNEY"
17,54,1,25.45,0,0,0,0,0,122395,"BAHR"
17,44,1,15.85,0,0,0,0,0,122395,"BLANCHAR"
17,20,0,1.9,1,0,0,0,1,122395,"BAHR"
17,55,0,0,0,0,0,0,0,122395,"BAHR"
17,20,1,17.9833,1,0,0,0,1,122395,"BLANCHAR"
17,35,1,10.3667,0,0,0,0,0,122395,"BLANCHAR"
17,50,1,2.3833,0,0,0,0,0,122395,"BAHR"
